Fecha;Puntos
11/12/1998;720,00
14/12/1998;766,00
15/12/1998;734,00
16/12/1998;760,00
17/12/1998;758,00
18/12/1998;761,00
21/12/1998;720,00
22/12/1998;696,00
23/12/1998;682,00
24/12/1998;682,00
25/12/1998;684,00
28/12/1998;704,00
29/12/1998;709,00
30/12/1998;696,00
31/12/1998;700,00
1/1/1999;698,00
4/1/1999;672,00
5/1/1999;640,00
6/1/1999;647,00
7/1/1999;653,00
8/1/1999;655,00
11/1/1999;696,00
12/1/1999;771,00
13/1/1999;1026,00
14/1/1999;1097,00
15/1/1999;870,00
18/1/1999;841,00
19/1/1999;842,00
20/1/1999;830,00
21/1/1999;932,00
22/1/1999;937,00
1/2/1999;790,00
2/2/1999;769,00
3/2/1999;772,00
4/2/1999;777,00
5/2/1999;784,00
8/2/1999;810,00
9/2/1999;815,00
10/2/1999;795,00
11/2/1999;759,00
12/2/1999;742,00
15/2/1999;751,00
16/2/1999;724,00
17/2/1999;747,00
18/2/1999;753,00
19/2/1999;747,00
22/2/1999;762,00
23/2/1999;766,00
24/2/1999;767,00
25/2/1999;775,00
26/2/1999;786,00
1/3/1999;766,00
2/3/1999;799,00
3/3/1999;780,00
4/3/1999;748,00
5/3/1999;744,00
8/3/1999;742,00
9/3/1999;738,00
10/3/1999;716,00
11/3/1999;719,00
12/3/1999;709,00
15/3/1999;687,00
16/3/1999;700,00
17/3/1999;697,00
18/3/1999;689,00
19/3/1999;683,00
22/3/1999;682,00
23/3/1999;704,00
24/3/1999;698,00
25/3/1999;687,00
26/3/1999;689,00
29/3/1999;693,00
30/3/1999;696,00
31/3/1999;683,00
1/4/1999;661,00
2/4/1999;672,00
5/4/1999;660,00
6/4/1999;669,00
7/4/1999;643,00
8/4/1999;641,00
9/4/1999;641,00
12/4/1999;615,00
13/4/1999;611,00
14/4/1999;621,00
15/4/1999;623,00
16/4/1999;597,00
19/4/1999;612,00
20/4/1999;608,00
21/4/1999;597,00
22/4/1999;603,00
23/4/1999;622,00
26/4/1999;607,00
27/4/1999;615,00
28/4/1999;635,00
29/4/1999;621,00
30/4/1999;589,00
3/5/1999;585,00
4/5/1999;587,00
5/5/1999;591,00
6/5/1999;586,00
7/5/1999;576,00
10/5/1999;581,00
11/5/1999;610,00
12/5/1999;613,00
13/5/1999;623,00
14/5/1999;620,00
17/5/1999;657,00
18/5/1999;658,00
19/5/1999;718,00
20/5/1999;746,00
21/5/1999;775,00
24/5/1999;820,00
25/5/1999;806,00
26/5/1999;734,00
27/5/1999;783,00
28/5/1999;778,00
1/6/1999;790,00
2/6/1999;776,00
3/6/1999;770,00
4/6/1999;751,00
7/6/1999;738,00
8/6/1999;743,00
9/6/1999;750,00
10/6/1999;753,00
11/6/1999;768,00
14/6/1999;764,00
15/6/1999;754,00
16/6/1999;723,00
17/6/1999;729,00
18/6/1999;735,00
21/6/1999;726,00
22/6/1999;749,00
23/6/1999;732,00
24/6/1999;733,00
25/6/1999;745,00
28/6/1999;770,00
29/6/1999;761,00
30/6/1999;760,00
1/7/1999;777,00
2/7/1999;778,00
5/7/1999;779,00
6/7/1999;781,00
7/7/1999;789,00
8/7/1999;847,00
9/7/1999;890,00
12/7/1999;947,00
13/7/1999;923,00
14/7/1999;870,00
15/7/1999;890,00
16/7/1999;879,00
19/7/1999;868,00
20/7/1999;882,00
21/7/1999;888,00
22/7/1999;873,00
23/7/1999;885,00
26/7/1999;896,00
27/7/1999;887,00
28/7/1999;873,00
29/7/1999;856,00
30/7/1999;848,00
2/8/1999;874,00
3/8/1999;894,00
4/8/1999;907,00
5/8/1999;909,00
6/8/1999;905,00
9/8/1999;901,00
10/8/1999;900,00
11/8/1999;886,00
12/8/1999;853,00
13/8/1999;840,00
16/8/1999;833,00
17/8/1999;808,00
18/8/1999;837,00
19/8/1999;853,00
20/8/1999;852,00
23/8/1999;845,00
24/8/1999;845,00
25/8/1999;812,00
26/8/1999;811,00
27/8/1999;789,00
30/8/1999;786,00
31/8/1999;764,00
1/9/1999;763,00
2/9/1999;769,00
3/9/1999;765,00
6/9/1999;759,00
7/9/1999;739,00
8/9/1999;734,00
9/9/1999;706,00
10/9/1999;684,00
13/9/1999;689,00
14/9/1999;691,00
15/9/1999;704,00
16/9/1999;714,00
17/9/1999;701,00
20/9/1999;687,00
21/9/1999;705,00
22/9/1999;700,00
23/9/1999;694,00
24/9/1999;693,00
27/9/1999;680,00
28/9/1999;681,00
29/9/1999;669,00
30/9/1999;677,00
1/10/1999;668,00
4/10/1999;653,00
5/10/1999;658,00
6/10/1999;645,00
7/10/1999;642,00
8/10/1999;645,00
11/10/1999;644,00
12/10/1999;669,00
13/10/1999;677,00
14/10/1999;672,00
15/10/1999;696,00
18/10/1999;688,00
19/10/1999;671,00
20/10/1999;662,00
21/10/1999;639,00
22/10/1999;613,00
25/10/1999;620,00
26/10/1999;607,00
27/10/1999;621,00
28/10/1999;564,00
29/10/1999;635,00
1/11/1999;628,00
2/11/1999;629,00
3/11/1999;633,00
4/11/1999;618,00
5/11/1999;622,00
8/11/1999;615,00
9/11/1999;614,00
10/11/1999;617,00
11/11/1999;616,00
12/11/1999;617,00
15/11/1999;628,00
16/11/1999;620,00
17/11/1999;647,00
18/11/1999;642,00
19/11/1999;667,00
22/11/1999;652,00
23/11/1999;645,00
24/11/1999;641,00
25/11/1999;631,00
26/11/1999;641,00
29/11/1999;630,00
30/11/1999;657,00
1/12/1999;656,00
2/12/1999;646,00
3/12/1999;629,00
6/12/1999;633,00
7/12/1999;618,00
8/12/1999;620,00
9/12/1999;615,00
10/12/1999;607,00
13/12/1999;584,00
14/12/1999;580,00
15/12/1999;567,00
16/12/1999;570,00
17/12/1999;566,00
20/12/1999;570,00
21/12/1999;543,00
22/12/1999;547,00
23/12/1999;545,00
24/12/1999;546,00
27/12/1999;549,00
28/12/1999;544,00
29/12/1999;542,00
30/12/1999;544,00
31/12/1999;531,00
3/1/2000;509,00
4/1/2000;558,00
5/1/2000;540,00
6/1/2000;566,00
7/1/2000;558,00
10/1/2000;558,00
11/1/2000;560,00
12/1/2000;561,00
13/1/2000;551,00
14/1/2000;545,00
18/1/2000;540,00
19/1/2000;546,00
20/1/2000;548,00
21/1/2000;545,00
24/1/2000;558,00
25/1/2000;561,00
26/1/2000;567,00
27/1/2000;571,00
28/1/2000;592,00
31/1/2000;593,00
1/2/2000;583,00
2/2/2000;588,00
3/2/2000;595,00
4/2/2000;569,00
7/2/2000;547,00
8/2/2000;549,00
9/2/2000;549,00
10/2/2000;544,00
11/2/2000;551,00
14/2/2000;553,00
15/2/2000;548,00
16/2/2000;551,00
17/2/2000;550,00
18/2/2000;563,00
22/2/2000;581,00
23/2/2000;562,00
24/2/2000;568,00
25/2/2000;560,00
28/2/2000;548,00
29/2/2000;545,00
1/3/2000;550,00
2/3/2000;531,00
3/3/2000;524,00
6/3/2000;530,00
7/3/2000;530,00
8/3/2000;528,00
9/3/2000;527,00
10/3/2000;526,00
13/3/2000;537,00
14/3/2000;541,00
15/3/2000;548,00
16/3/2000;547,00
17/3/2000;542,00
20/3/2000;540,00
21/3/2000;539,00
22/3/2000;535,00
23/3/2000;536,00
24/3/2000;524,00
27/3/2000;522,00
28/3/2000;535,00
29/3/2000;545,00
30/3/2000;570,00
31/3/2000;570,00
3/4/2000;579,00
4/4/2000;595,00
5/4/2000;601,00
6/4/2000;592,00
7/4/2000;594,00
10/4/2000;607,00
11/4/2000;601,00
12/4/2000;599,00
13/4/2000;602,00
14/4/2000;618,00
17/4/2000;598,00
18/4/2000;578,00
19/4/2000;595,00
20/4/2000;596,00
21/4/2000;598,00
25/4/2000;567,00
26/4/2000;573,00
27/4/2000;570,00
28/4/2000;570,00
1/5/2000;560,00
2/5/2000;568,00
3/5/2000;578,00
4/5/2000;588,00
5/5/2000;600,00
8/5/2000;605,00
9/5/2000;629,00
10/5/2000;672,00
11/5/2000;695,00
12/5/2000;712,00
15/5/2000;718,00
16/5/2000;711,00
17/5/2000;712,00
18/5/2000;713,00
19/5/2000;757,00
22/5/2000;762,00
23/5/2000;770,00
24/5/2000;727,00
25/5/2000;731,00
26/5/2000;725,00
29/5/2000;719,00
30/5/2000;690,00
31/5/2000;703,00
1/6/2000;689,00
2/6/2000;646,00
5/6/2000;656,00
6/6/2000;679,00
7/6/2000;672,00
8/6/2000;667,00
9/6/2000;662,00
12/6/2000;668,00
13/6/2000;651,00
14/6/2000;645,00
15/6/2000;657,00
16/6/2000;663,00
19/6/2000;659,00
20/6/2000;661,00
21/6/2000;652,00
22/6/2000;680,00
23/6/2000;685,00
26/6/2000;691,00
27/6/2000;686,00
28/6/2000;679,00
29/6/2000;688,00
30/6/2000;687,00
3/7/2000;670,00
4/7/2000;672,00
5/7/2000;658,00
6/7/2000;647,00
7/7/2000;652,00
10/7/2000;651,00
11/7/2000;652,00
12/7/2000;636,00
13/7/2000;632,00
14/7/2000;621,00
17/7/2000;620,00
18/7/2000;630,00
19/7/2000;637,00
20/7/2000;644,00
21/7/2000;642,00
24/7/2000;639,00
25/7/2000;639,00
26/7/2000;644,00
27/7/2000;652,00
28/7/2000;654,00
31/7/2000;650,00
1/8/2000;665,00
2/8/2000;669,00
3/8/2000;665,00
4/8/2000;662,00
7/8/2000;664,00
8/8/2000;674,00
9/8/2000;655,00
10/8/2000;668,00
11/8/2000;658,00
14/8/2000;660,00
15/8/2000;686,00
16/8/2000;684,00
17/8/2000;696,00
18/8/2000;717,00
21/8/2000;726,00
22/8/2000;710,00
23/8/2000;716,00
24/8/2000;713,00
25/8/2000;701,00
28/8/2000;701,00
29/8/2000;701,00
30/8/2000;691,00
31/8/2000;686,00
1/9/2000;669,00
5/9/2000;674,00
6/9/2000;654,00
7/9/2000;664,00
8/9/2000;667,00
11/9/2000;673,00
12/9/2000;684,00
13/9/2000;682,00
14/9/2000;674,00
15/9/2000;677,00
18/9/2000;690,00
19/9/2000;696,00
20/9/2000;694,00
21/9/2000;702,00
22/9/2000;682,00
25/9/2000;686,00
26/9/2000;690,00
27/9/2000;681,00
28/9/2000;668,00
29/9/2000;673,00
2/10/2000;675,00
3/10/2000;663,00
4/10/2000;655,00
5/10/2000;658,00
6/10/2000;685,00
9/10/2000;686,00
10/10/2000;692,00
11/10/2000;695,00
12/10/2000;719,00
13/10/2000;733,00
16/10/2000;736,00
17/10/2000;774,00
18/10/2000;787,00
19/10/2000;776,00
20/10/2000;820,00
23/10/2000;828,00
24/10/2000;850,00
25/10/2000;894,00
26/10/2000;846,00
27/10/2000;832,00
30/10/2000;833,00
31/10/2000;816,00
1/11/2000;826,00
2/11/2000;839,00
3/11/2000;886,00
6/11/2000;910,00
7/11/2000;915,00
8/11/2000;992,00
9/11/2000;943,00
10/11/2000;868,00
13/11/2000;847,00
14/11/2000;826,00
15/11/2000;803,00
16/11/2000;834,00
17/11/2000;841,00
20/11/2000;813,00
21/11/2000;823,00
22/11/2000;845,00
23/11/2000;863,00
24/11/2000;840,00
27/11/2000;852,00
28/11/2000;865,00
29/11/2000;848,00
30/11/2000;855,00
1/12/2000;848,00
4/12/2000;845,00
5/12/2000;841,00
6/12/2000;833,00
7/12/2000;822,00
8/12/2000;812,00
11/12/2000;794,00
12/12/2000;810,00
13/12/2000;824,00
14/12/2000;830,00
15/12/2000;813,00
18/12/2000;805,00
19/12/2000;777,00
20/12/2000;790,00
21/12/2000;791,00
22/12/2000;779,00
26/12/2000;772,00
27/12/2000;769,00
28/12/2000;765,00
29/12/2000;766,00
2/1/2001;792,00
3/1/2001;728,00
4/1/2001;727,00
5/1/2001;740,00
8/1/2001;737,00
9/1/2001;720,00
10/1/2001;712,00
11/1/2001;706,00
12/1/2001;695,00
15/1/2001;696,00
16/1/2001;701,00
17/1/2001;691,00
18/1/2001;696,00
19/1/2001;700,00
22/1/2001;691,00
23/1/2001;678,00
24/1/2001;676,00
25/1/2001;683,00
26/1/2001;672,00
29/1/2001;654,00
30/1/2001;664,00
31/1/2001;670,00
1/2/2001;660,00
2/2/2001;658,00
5/2/2001;665,00
6/2/2001;675,00
7/2/2001;678,00
8/2/2001;682,00
9/2/2001;683,00
12/2/2001;690,00
13/2/2001;684,00
14/2/2001;676,00
15/2/2001;676,00
16/2/2001;698,00
19/2/2001;698,00
20/2/2001;720,00
21/2/2001;739,00
22/2/2001;732,00
23/2/2001;741,00
26/2/2001;759,00
27/2/2001;796,00
28/2/2001;793,00
1/3/2001;789,00
2/3/2001;767,00
5/3/2001;725,00
6/3/2001;725,00
7/3/2001;733,00
8/3/2001;761,00
9/3/2001;736,00
12/3/2001;769,00
13/3/2001;777,00
14/3/2001;798,00
15/3/2001;837,00
16/3/2001;850,00
19/3/2001;898,00
20/3/2001;886,00
21/3/2001;898,00
22/3/2001;964,00
23/3/2001;984,00
26/3/2001;928,00
27/3/2001;899,00
28/3/2001;898,00
29/3/2001;918,00
30/3/2001;945,00
2/4/2001;944,00
3/4/2001;946,00
4/4/2001;939,00
5/4/2001;916,00
6/4/2001;897,00
9/4/2001;862,00
10/4/2001;831,00
11/4/2001;852,00
12/4/2001;857,00
16/4/2001;899,00
17/4/2001;889,00
18/4/2001;896,00
19/4/2001;937,00
20/4/2001;1046,00
23/4/2001;1284,00
24/4/2001;1195,00
25/4/2001;1147,00
26/4/2001;1076,00
27/4/2001;1000,00
30/4/2001;1042,00
1/5/2001;1070,00
2/5/2001;1091,00
3/5/2001;1057,00
4/5/2001;1031,00
7/5/2001;975,00
8/5/2001;990,00
9/5/2001;1008,00
10/5/2001;989,00
11/5/2001;1048,00
14/5/2001;1093,00
15/5/2001;1056,00
16/5/2001;1007,00
17/5/2001;991,00
18/5/2001;958,00
21/5/2001;930,00
22/5/2001;924,00
23/5/2001;933,00
24/5/2001;921,00
25/5/2001;921,00
28/5/2001;921,00
29/5/2001;925,00
30/5/2001;969,00
31/5/2001;981,00
1/6/2001;1019,00
4/6/2001;955,00
5/6/2001;913,00
6/6/2001;911,00
7/6/2001;889,00
8/6/2001;879,00
11/6/2001;883,00
12/6/2001;910,00
13/6/2001;922,00
14/6/2001;937,00
15/6/2001;927,00
18/6/2001;1000,00
19/6/2001;986,00
20/6/2001;975,00
21/6/2001;971,00
22/6/2001;990,00
25/6/2001;974,00
26/6/2001;982,00
27/6/2001;999,00
28/6/2001;1009,00
29/6/2001;1025,00
2/7/2001;1062,00
3/7/2001;1079,00
4/7/2001;1094,00
5/7/2001;1165,00
6/7/2001;1132,00
9/7/2001;1158,00
10/7/2001;1217,00
11/7/2001;1290,00
12/7/2001;1519,00
13/7/2001;1616,00
16/7/2001;1629,00
17/7/2001;1439,00
18/7/2001;1537,00
19/7/2001;1593,00
20/7/2001;1488,00
23/7/2001;1377,00
24/7/2001;1415,00
25/7/2001;1390,00
26/7/2001;1510,00
27/7/2001;1612,00
30/7/2001;1571,00
31/7/2001;1604,00
1/8/2001;1688,00
2/8/2001;1601,00
3/8/2001;1557,00
6/8/2001;1610,00
7/8/2001;1572,00
8/8/2001;1490,00
9/8/2001;1466,00
10/8/2001;1392,00
13/8/2001;1424,00
14/8/2001;1501,00
15/8/2001;1453,00
16/8/2001;1393,00
17/8/2001;1502,00
20/8/2001;1555,00
21/8/2001;1651,00
22/8/2001;1450,00
23/8/2001;1427,00
24/8/2001;1443,00
27/8/2001;1457,00
28/8/2001;1414,00
29/8/2001;1386,00
30/8/2001;1405,00
31/8/2001;1408,00
3/9/2001;1408,00
4/9/2001;1391,00
5/9/2001;1392,00
6/9/2001;1455,00
7/9/2001;1489,00
10/9/2001;1486,00
11/9/2001;1478,00
12/9/2001;1478,00
13/9/2001;1478,00
14/9/2001;1478,00
17/9/2001;1652,00
18/9/2001;1618,00
19/9/2001;1592,00
20/9/2001;1612,00
21/9/2001;1637,00
24/9/2001;1612,00
25/9/2001;1602,00
26/9/2001;1639,00
27/9/2001;1647,00
28/9/2001;1595,00
1/10/2001;1661,00
2/10/2001;1687,00
3/10/2001;1754,00
4/10/2001;1842,00
5/10/2001;1868,00
8/10/2001;1876,00
9/10/2001;1893,00
10/10/2001;1859,00
11/10/2001;1825,00
12/10/2001;1832,00
15/10/2001;1824,00
16/10/2001;1770,00
17/10/2001;1686,00
18/10/2001;1727,00
19/10/2001;1693,00
22/10/2001;1670,00
23/10/2001;1700,00
24/10/2001;1727,00
25/10/2001;1769,00
26/10/2001;1824,00
29/10/2001;2003,00
30/10/2001;2032,00
31/10/2001;2136,00
1/11/2001;2295,00
2/11/2001;2441,00
5/11/2001;2458,00
6/11/2001;2363,00
7/11/2001;2354,00
8/11/2001;2351,00
9/11/2001;2438,00
12/11/2001;2504,00
13/11/2001;2542,00
14/11/2001;2664,00
15/11/2001;2683,00
16/11/2001;2764,00
19/11/2001;2966,00
20/11/2001;3071,00
21/11/2001;3026,00
22/11/2001;3028,00
23/11/2001;2961,00
26/11/2001;2772,00
27/11/2001;2910,00
28/11/2001;2952,00
29/11/2001;3242,00
30/11/2001;3340,00
3/12/2001;3196,00
4/12/2001;4040,00
5/12/2001;4020,00
6/12/2001;3988,00
7/12/2001;4149,00
10/12/2001;4220,00
11/12/2001;4162,00
12/12/2001;4044,00
13/12/2001;4059,00
14/12/2001;4160,00
17/12/2001;4127,00
18/12/2001;4125,00
19/12/2001;4212,00
20/12/2001;4449,00
21/12/2001;4722,00
24/12/2001;5083,00
25/12/2001;5495,00
26/12/2001;5470,00
27/12/2001;5464,00
28/12/2001;5172,00
31/12/2001;4404,00
2/1/2002;4376,00
3/1/2002;4128,00
4/1/2002;3983,00
7/1/2002;3975,00
8/1/2002;4050,00
9/1/2002;4460,00
10/1/2002;4484,00
11/1/2002;4542,00
14/1/2002;4556,00
15/1/2002;4626,00
16/1/2002;4531,00
17/1/2002;4581,00
18/1/2002;4656,00
21/1/2002;4553,00
22/1/2002;4454,00
23/1/2002;4287,00
24/1/2002;4210,00
25/1/2002;4156,00
28/1/2002;4101,00
29/1/2002;4123,00
30/1/2002;4129,00
31/1/2002;4352,00
1/2/2002;4497,00
4/2/2002;4581,00
5/2/2002;4457,00
6/2/2002;4471,00
7/2/2002;4511,00
8/2/2002;4412,00
11/2/2002;4350,00
12/2/2002;4235,00
13/2/2002;4100,00
14/2/2002;4013,00
15/2/2002;3943,00
18/2/2002;4026,00
19/2/2002;3987,00
20/2/2002;3992,00
21/2/2002;4092,00
22/2/2002;4171,00
25/2/2002;4087,00
26/2/2002;4112,00
27/2/2002;4123,00
28/2/2002;4098,00
1/3/2002;4170,00
4/3/2002;4144,00
5/3/2002;4222,00
6/3/2002;4305,00
7/3/2002;4286,00
8/3/2002;4407,00
11/3/2002;4479,00
12/3/2002;4505,00
13/3/2002;4656,00
14/3/2002;4830,00
15/3/2002;4943,00
18/3/2002;5155,00
19/3/2002;5030,00
20/3/2002;4972,00
21/3/2002;4958,00
22/3/2002;5089,00
25/3/2002;5223,00
26/3/2002;5291,00
27/3/2002;5024,00
28/3/2002;5013,00
29/3/2002;5043,00
1/4/2002;5018,00
2/4/2002;5021,00
3/4/2002;5010,00
4/4/2002;5006,00
5/4/2002;4815,00
8/4/2002;4861,00
9/4/2002;4886,00
10/4/2002;4936,00
11/4/2002;4855,00
12/4/2002;4803,00
15/4/2002;4615,00
16/4/2002;4588,00
17/4/2002;4443,00
18/4/2002;4648,00
19/4/2002;4569,00
22/4/2002;4935,00
23/4/2002;4965,00
24/4/2002;4885,00
25/4/2002;4865,00
26/4/2002;4938,00
29/4/2002;4896,00
30/4/2002;4831,00
1/5/2002;4772,00
2/5/2002;4828,00
3/5/2002;4801,00
6/5/2002;4897,00
7/5/2002;4904,00
8/5/2002;4998,00
9/5/2002;5094,00
10/5/2002;5195,00
13/5/2002;5131,00
14/5/2002;5153,00
15/5/2002;5192,00
16/5/2002;5205,00
17/5/2002;5254,00
20/5/2002;5378,00
21/5/2002;5605,00
22/5/2002;5808,00
23/5/2002;5948,00
24/5/2002;5937,00
27/5/2002;5720,00
28/5/2002;6027,00
29/5/2002;6085,00
30/5/2002;5900,00
31/5/2002;6123,00
3/6/2002;5916,00
4/6/2002;5963,00
5/6/2002;6037,00
6/6/2002;6073,00
7/6/2002;6098,00
10/6/2002;6075,00
11/6/2002;6151,00
12/6/2002;6146,00
13/6/2002;6161,00
14/6/2002;6366,00
17/6/2002;5944,00
18/6/2002;5942,00
19/6/2002;6122,00
20/6/2002;6062,00
21/6/2002;6162,00
24/6/2002;6362,00
25/6/2002;6566,00
26/6/2002;6913,00
27/6/2002;6802,00
28/6/2002;6791,00
1/7/2002;7030,00
2/7/2002;7149,00
3/7/2002;7199,00
4/7/2002;7198,00
5/7/2002;7155,00
8/7/2002;7026,00
9/7/2002;6860,00
10/7/2002;6683,00
11/7/2002;6839,00
12/7/2002;6783,00
15/7/2002;6742,00
16/7/2002;6631,00
17/7/2002;6610,00
18/7/2002;6762,00
19/7/2002;6636,00
22/7/2002;6814,00
23/7/2002;6593,00
24/7/2002;6907,00
25/7/2002;7056,00
26/7/2002;6763,00
29/7/2002;6634,00
30/7/2002;6711,00
31/7/2002;6952,00
1/8/2002;7048,00
2/8/2002;7075,00
5/8/2002;7136,00
6/8/2002;7040,00
7/8/2002;7222,00
8/8/2002;7064,00
9/8/2002;6955,00
12/8/2002;6938,00
13/8/2002;7008,00
14/8/2002;7038,00
15/8/2002;6842,00
16/8/2002;6597,00
19/8/2002;6684,00
20/8/2002;6619,00
21/8/2002;6495,00
22/8/2002;6340,00
23/8/2002;6184,00
26/8/2002;6098,00
27/8/2002;6138,00
28/8/2002;6558,00
29/8/2002;6398,00
30/8/2002;6435,00
2/9/2002;6432,00
3/9/2002;6226,00
4/9/2002;6265,00
5/9/2002;6054,00
6/9/2002;6046,00
9/9/2002;6113,00
10/9/2002;6190,00
11/9/2002;6181,00
12/9/2002;6181,00
13/9/2002;6259,00
16/9/2002;6305,00
17/9/2002;6355,00
18/9/2002;6404,00
19/9/2002;6545,00
20/9/2002;6722,00
23/9/2002;6884,00
24/9/2002;6883,00
25/9/2002;6321,00
26/9/2002;6336,00
27/9/2002;6540,00
30/9/2002;6606,00
1/10/2002;6542,00
2/10/2002;6438,00
3/10/2002;6396,00
4/10/2002;6493,00
7/10/2002;6517,00
8/10/2002;6598,00
9/10/2002;6635,00
10/10/2002;6570,00
11/10/2002;6469,00
14/10/2002;6507,00
15/10/2002;6383,00
16/10/2002;6511,00
17/10/2002;6499,00
18/10/2002;6423,00
21/10/2002;6362,00
22/10/2002;6346,00
23/10/2002;6328,00
24/10/2002;6218,00
25/10/2002;6217,00
28/10/2002;6205,00
29/10/2002;6161,00
30/10/2002;6171,00
31/10/2002;6412,00
1/11/2002;6060,00
4/11/2002;6072,00
5/11/2002;6118,00
6/11/2002;6103,00
7/11/2002;6122,00
8/11/2002;6081,00
11/11/2002;6081,00
12/11/2002;6147,00
13/11/2002;6145,00
14/11/2002;6127,00
15/11/2002;6164,00
18/11/2002;6226,00
19/11/2002;6211,00
20/11/2002;6114,00
21/11/2002;6286,00
22/11/2002;6597,00
25/11/2002;6231,00
26/11/2002;6398,00
27/11/2002;6174,00
28/11/2002;6227,00
29/11/2002;6192,00
2/12/2002;6263,00
3/12/2002;6245,00
4/12/2002;6288,00
5/12/2002;6448,00
6/12/2002;6456,00
9/12/2002;6275,00
10/12/2002;6265,00
11/12/2002;6253,00
12/12/2002;6313,00
13/12/2002;6234,00
16/12/2002;6279,00
17/12/2002;5967,00
18/12/2002;6114,00
19/12/2002;6128,00
20/12/2002;6128,00
23/12/2002;6182,00
24/12/2002;6213,00
26/12/2002;6262,00
27/12/2002;6331,00
30/12/2002;6314,00
31/12/2002;6303,00
2/1/2003;6268,00
3/1/2003;6352,00
6/1/2003;6114,00
7/1/2003;6020,00
8/1/2003;6002,00
9/1/2003;5930,00
10/1/2003;6000,00
13/1/2003;5975,00
14/1/2003;5980,00
16/1/2003;5996,00
17/1/2003;6095,00
20/1/2003;6095,00
21/1/2003;6074,00
22/1/2003;6178,00
23/1/2003;6178,00
24/1/2003;6217,00
27/1/2003;6165,00
28/1/2003;5838,00
29/1/2003;5919,00
30/1/2003;5968,00
31/1/2003;6047,00
3/2/2003;6115,00
4/2/2003;6141,00
5/2/2003;5999,00
6/2/2003;6022,00
7/2/2003;6037,00
10/2/2003;6034,00
11/2/2003;6039,00
12/2/2003;6093,00
13/2/2003;6169,00
14/2/2003;6288,00
17/2/2003;6288,00
18/2/2003;6288,00
19/2/2003;6268,00
20/2/2003;6394,00
21/2/2003;6319,00
24/2/2003;6588,00
25/2/2003;6417,00
26/2/2003;6417,00
27/2/2003;6691,00
28/2/2003;6691,00
3/3/2003;6691,00
4/3/2003;6691,00
5/3/2003;6758,00
6/3/2003;6996,00
7/3/2003;6986,00
10/3/2003;6997,00
11/3/2003;6877,00
12/3/2003;6926,00
13/3/2003;7004,00
14/3/2003;6885,00
17/3/2003;6838,00
18/3/2003;6813,00
19/3/2003;6731,00
20/3/2003;6723,00
21/3/2003;6633,00
24/3/2003;6680,00
25/3/2003;6654,00
26/3/2003;6165,00
27/3/2003;6135,00
28/3/2003;6119,00
31/3/2003;6119,00
1/4/2003;6084,00
2/4/2003;5842,00
3/4/2003;5658,00
4/4/2003;5711,00
7/4/2003;5672,00
8/4/2003;5631,00
9/4/2003;5717,00
10/4/2003;5718,00
11/4/2003;5592,00
14/4/2003;5568,00
15/4/2003;5565,00
16/4/2003;5586,00
17/4/2003;5571,00
21/4/2003;5539,00
22/4/2003;5373,00
23/4/2003;5148,00
24/4/2003;5110,00
25/4/2003;5245,00
28/4/2003;5279,00
29/4/2003;5286,00
30/4/2003;5138,00
1/5/2003;5150,00
2/5/2003;5045,00
5/5/2003;5058,00
6/5/2003;5195,00
7/5/2003;5259,00
8/5/2003;5213,00
9/5/2003;5232,00
12/5/2003;5254,00
13/5/2003;5071,00
14/5/2003;5375,00
15/5/2003;5288,00
16/5/2003;5578,00
19/5/2003;5334,00
20/5/2003;5492,00
21/5/2003;5249,00
22/5/2003;5222,00
23/5/2003;5336,00
26/5/2003;5336,00
27/5/2003;5306,00
28/5/2003;5368,00
29/5/2003;5234,00
30/5/2003;5252,00
2/6/2003;5359,57
3/6/2003;5327,14
4/6/2003;5208,74
5/6/2003;5032,27
6/6/2003;5068,72
9/6/2003;4938,00
10/6/2003;4853,00
11/6/2003;4692,64
12/6/2003;4712,34
13/6/2003;4603,91
16/6/2003;4463,20
17/6/2003;4363,61
18/6/2003;4448,29
19/6/2003;4471,54
20/6/2003;4451,60
23/6/2003;4541,68
24/6/2003;4604,96
25/6/2003;4523,41
26/6/2003;4516,06
27/6/2003;4523,35
30/6/2003;4554,06
1/7/2003;4618,26
2/7/2003;4606,05
3/7/2003;4571,50
4/7/2003;4651,00
7/7/2003;4678,39
8/7/2003;4757,36
9/7/2003;4734,96
10/7/2003;4767,33
11/7/2003;4955,60
14/7/2003;4881,88
15/7/2003;4836,04
16/7/2003;4835,37
17/7/2003;5031,11
18/7/2003;5042,42
21/7/2003;4933,90
22/7/2003;4795,91
23/7/2003;4800,31
24/7/2003;4844,49
25/7/2003;4668,50
28/7/2003;4707,85
29/7/2003;4800,75
30/7/2003;4964,01
31/7/2003;5046,07
1/8/2003;5191,09
4/8/2003;5155,65
5/8/2003;5065,73
6/8/2003;5124,93
7/8/2003;5152,86
8/8/2003;5088,22
11/8/2003;5044,20
12/8/2003;4912,93
13/8/2003;4856,27
14/8/2003;4898,55
15/8/2003;4906,41
18/8/2003;4961,96
19/8/2003;5000,45
20/8/2003;5060,28
21/8/2003;5062,90
22/8/2003;5058,64
25/8/2003;4961,81
26/8/2003;5086,96
27/8/2003;5197,58
28/8/2003;5180,45
29/8/2003;4884,60
1/9/2003;4879,00
2/9/2003;4843,10
3/9/2003;4799,98
4/9/2003;4758,41
5/9/2003;4753,53
8/9/2003;4714,96
9/9/2003;4780,65
10/9/2003;4753,79
11/9/2003;4723,04
12/9/2003;4825,50
15/9/2003;4808,14
16/9/2003;4893,00
17/9/2003;4992,29
18/9/2003;4947,57
19/9/2003;5126,50
22/9/2003;5374,54
23/9/2003;5448,94
24/9/2003;5379,40
25/9/2003;5402,37
26/9/2003;5397,52
29/9/2003;5445,03
30/9/2003;5483,54
1/10/2003;5488,62
2/10/2003;5497,92
3/10/2003;5458,71
6/10/2003;5462,64
7/10/2003;5351,64
8/10/2003;5384,54
9/10/2003;5408,22
10/10/2003;5369,70
13/10/2003;5300,00
14/10/2003;5348,72
15/10/2003;5341,30
16/10/2003;5360,17
17/10/2003;5409,56
20/10/2003;5440,35
21/10/2003;5439,87
22/10/2003;5535,34
23/10/2003;5543,51
24/10/2003;5615,36
27/10/2003;5615,02
28/10/2003;5612,59
29/10/2003;5669,61
30/10/2003;5704,76
31/10/2003;5704,77
3/11/2003;5781,45
4/11/2003;5998,81
5/11/2003;6018,83
6/11/2003;5996,55
7/11/2003;6021,47
10/11/2003;6005,08
11/11/2003;6005,08
12/11/2003;6111,61
13/11/2003;6186,33
14/11/2003;6263,38
17/11/2003;6377,95
18/11/2003;6385,65
19/11/2003;6379,23
20/11/2003;6425,75
21/11/2003;6507,26
24/11/2003;6453,42
25/11/2003;6226,59
26/11/2003;6256,10
27/11/2003;6256,10
28/11/2003;6260,17
1/12/2003;6237,81
2/12/2003;6184,64
3/12/2003;6215,68
4/12/2003;6040,03
5/12/2003;6091,53
8/12/2003;5986,13
9/12/2003;5828,70
10/12/2003;5616,58
11/12/2003;5733,34
12/12/2003;5760,39
15/12/2003;5952,21
16/12/2003;5444,59
17/12/2003;5510,27
18/12/2003;5580,85
19/12/2003;5583,02
22/12/2003;5589,07
23/12/2003;5606,92
24/12/2003;5605,60
26/12/2003;5629,11
29/12/2003;5621,58
30/12/2003;5625,89
31/12/2003;5631,79
2/1/2004;5580,82
5/1/2004;5459,55
6/1/2004;5260,57
7/1/2004;5192,38
8/1/2004;5094,57
9/1/2004;5146,89
12/1/2004;5287,55
13/1/2004;5421,79
14/1/2004;5566,24
15/1/2004;5605,49
16/1/2004;5705,92
19/1/2004;5705,92
20/1/2004;5699,65
21/1/2004;5820,47
22/1/2004;5871,14
23/1/2004;5855,12
26/1/2004;5896,54
27/1/2004;5680,34
28/1/2004;5654,45
29/1/2004;5722,28
30/1/2004;5764,38
2/2/2004;5858,49
3/2/2004;5805,06
4/2/2004;5801,55
5/2/2004;5821,38
6/2/2004;5842,63
9/2/2004;5837,92
10/2/2004;5916,62
11/2/2004;5794,01
12/2/2004;5599,62
13/2/2004;5437,38
16/2/2004;5437,38
17/2/2004;5498,14
18/2/2004;5549,66
19/2/2004;5560,60
20/2/2004;5550,34
23/2/2004;5624,10
24/2/2004;5618,00
25/2/2004;5697,07
26/2/2004;5699,86
27/2/2004;5865,65
1/3/2004;5839,00
2/3/2004;5794,54
3/3/2004;5849,85
4/3/2004;5839,92
5/3/2004;5970,40
8/3/2004;5963,66
9/3/2004;5872,82
10/3/2004;5892,36
11/3/2004;5679,12
12/3/2004;5574,74
15/3/2004;5606,26
16/3/2004;5618,75
17/3/2004;5606,28
18/3/2004;5596,56
19/3/2004;5608,51
22/3/2004;5664,83
23/3/2004;5658,47
24/3/2004;5740,06
25/3/2004;5758,65
26/3/2004;5496,38
29/3/2004;4889,71
30/3/2004;4881,46
31/3/2004;4872,94
1/4/2004;4772,34
2/4/2004;4729,98
5/4/2004;4764,52
6/4/2004;4747,15
7/4/2004;4721,73
8/4/2004;4727,26
12/4/2004;4740,21
13/4/2004;4696,73
14/4/2004;4757,82
15/4/2004;4754,11
16/4/2004;4630,56
19/4/2004;4662,92
20/4/2004;4667,14
21/4/2004;4645,02
22/4/2004;4675,92
23/4/2004;4492,28
26/4/2004;4497,84
27/4/2004;4592,00
28/4/2004;4631,75
29/4/2004;4650,99
30/4/2004;4628,15
3/5/2004;4694,22
4/5/2004;4686,76
5/5/2004;4696,83
6/5/2004;4718,02
7/5/2004;4695,82
10/5/2004;4799,62
11/5/2004;4813,32
12/5/2004;4819,44
13/5/2004;4822,58
14/5/2004;4908,45
17/5/2004;4933,66
18/5/2004;4945,08
19/5/2004;4980,80
20/5/2004;5062,10
21/5/2004;5074,78
24/5/2004;5127,88
25/5/2004;5040,59
26/5/2004;4917,34
27/5/2004;4975,37
28/5/2004;4964,00
31/5/2004;4950,00
1/6/2004;4689,38
2/6/2004;4817,53
3/6/2004;5047,97
4/6/2004;5013,49
7/6/2004;5004,44
8/6/2004;5032,42
9/6/2004;5098,90
10/6/2004;5017,27
11/6/2004;5024,89
14/6/2004;5049,90
15/6/2004;5116,56
16/6/2004;4864,57
17/6/2004;5025,02
18/6/2004;5026,39
21/6/2004;5034,56
22/6/2004;5057,01
23/6/2004;5037,29
24/6/2004;5061,09
25/6/2004;5107,98
28/6/2004;5089,42
29/6/2004;5133,27
30/6/2004;5188,06
1/7/2004;5171,85
2/7/2004;5125,00
5/7/2004;5125,00
6/7/2004;5095,92
7/7/2004;5128,26
8/7/2004;4993,98
9/7/2004;4993,42
12/7/2004;5025,52
13/7/2004;4920,04
14/7/2004;4918,78
15/7/2004;4978,19
16/7/2004;4926,78
19/7/2004;4976,40
20/7/2004;5001,79
21/7/2004;5050,68
22/7/2004;5070,63
23/7/2004;5072,43
26/7/2004;5104,46
27/7/2004;4910,11
28/7/2004;4982,29
29/7/2004;4962,20
30/7/2004;5036,41
2/8/2004;5031,25
3/8/2004;5110,35
4/8/2004;5136,27
5/8/2004;5094,48
6/8/2004;5175,73
9/8/2004;5233,86
10/8/2004;5308,57
11/8/2004;5215,59
12/8/2004;5243,20
13/8/2004;5233,01
16/8/2004;5226,11
17/8/2004;5251,16
18/8/2004;5242,90
19/8/2004;5233,41
20/8/2004;5205,35
23/8/2004;5146,21
24/8/2004;5160,59
25/8/2004;5189,89
26/8/2004;5239,86
27/8/2004;5206,10
30/8/2004;5223,71
31/8/2004;5258,49
1/9/2004;5321,43
2/9/2004;5191,57
3/9/2004;5197,70
6/9/2004;5197,70
7/9/2004;5239,76
8/9/2004;5289,23
9/9/2004;5286,56
10/9/2004;5321,16
13/9/2004;5388,60
14/9/2004;5432,07
15/9/2004;5454,59
16/9/2004;5458,59
17/9/2004;5564,06
20/9/2004;5569,77
21/9/2004;5588,00
22/9/2004;5647,62
23/9/2004;5677,23
24/9/2004;5470,02
27/9/2004;5481,88
28/9/2004;5468,63
29/9/2004;5566,29
30/9/2004;5440,02
1/10/2004;5221,88
4/10/2004;5189,43
5/10/2004;5224,33
6/10/2004;5230,64
7/10/2004;5250,00
8/10/2004;5274,78
11/10/2004;5274,78
12/10/2004;5352,00
13/10/2004;5375,20
14/10/2004;5459,35
15/10/2004;5458,07
18/10/2004;5460,00
19/10/2004;5497,57
20/10/2004;5531,52
21/10/2004;5576,12
22/10/2004;5585,34
25/10/2004;5510,31
26/10/2004;5507,94
27/10/2004;5396,97
28/10/2004;5409,19
29/10/2004;5440,10
1/11/2004;5347,92
2/11/2004;5281,95
3/11/2004;5281,89
4/11/2004;5150,42
5/11/2004;5136,46
8/11/2004;5122,76
9/11/2004;5155,56
10/11/2004;5184,70
11/11/2004;5185,00
12/11/2004;5190,00
15/11/2004;5167,03
16/11/2004;5174,19
17/11/2004;5121,05
18/11/2004;5149,07
19/11/2004;5147,25
22/11/2004;5297,10
23/11/2004;5370,06
24/11/2004;5245,94
25/11/2004;5245,94
26/11/2004;5229,49
29/11/2004;5214,18
30/11/2004;5193,84
1/12/2004;5182,95
2/12/2004;5210,21
3/12/2004;5268,70
6/12/2004;5270,34
7/12/2004;5307,45
8/12/2004;5381,63
9/12/2004;5334,98
10/12/2004;5247,39
13/12/2004;5253,02
14/12/2004;5484,90
15/12/2004;4688,20
16/12/2004;4660,95
17/12/2004;4676,96
20/12/2004;4650,32
21/12/2004;4681,63
22/12/2004;4663,29
23/12/2004;4668,71
24/12/2004;4668,71
27/12/2004;4641,65
28/12/2004;4631,29
29/12/2004;4647,40
30/12/2004;4654,48
31/12/2004;4702,63
3/1/2005;4704,76
4/1/2005;4717,88
5/1/2005;4756,77
6/1/2005;4809,13
7/1/2005;4835,40
10/1/2005;4857,97
11/1/2005;4873,81
12/1/2005;4872,78
13/1/2005;4856,37
14/1/2005;4925,19
17/1/2005;4936,00
18/1/2005;5209,13
19/1/2005;5330,02
20/1/2005;5200,78
21/1/2005;5183,01
24/1/2005;5195,51
25/1/2005;5196,30
26/1/2005;5022,09
27/1/2005;5065,45
28/1/2005;5120,25
31/1/2005;5128,88
1/2/2005;5196,37
2/2/2005;5223,38
3/2/2005;5163,61
4/2/2005;5147,97
7/2/2005;5079,24
8/2/2005;5093,47
9/2/2005;5101,22
10/2/2005;5097,39
11/2/2005;4973,94
14/2/2005;4925,14
15/2/2005;4921,66
16/2/2005;4978,02
17/2/2005;4969,19
18/2/2005;4943,38
21/2/2005;4943,38
22/2/2005;4939,06
23/2/2005;4970,12
24/2/2005;4988,44
25/2/2005;5003,61
28/2/2005;4980,43
1/3/2005;4982,60
2/3/2005;5001,58
3/3/2005;5008,05
4/3/2005;5052,24
7/3/2005;5074,82
8/3/2005;5047,33
9/3/2005;5017,98
10/3/2005;5048,11
11/3/2005;5028,50
14/3/2005;5045,43
15/3/2005;5041,98
16/3/2005;5079,17
17/3/2005;5101,71
18/3/2005;5090,00
21/3/2005;5092,23
22/3/2005;5092,88
23/3/2005;5111,24
24/3/2005;5129,73
28/3/2005;5114,08
29/3/2005;5309,74
30/3/2005;5358,49
31/3/2005;5393,06
1/4/2005;5420,95
4/4/2005;5432,88
5/4/2005;5432,57
6/4/2005;5468,69
7/4/2005;5459,74
8/4/2005;5414,97
11/4/2005;5446,00
12/4/2005;5491,04
13/4/2005;5512,41
14/4/2005;5517,94
15/4/2005;5627,75
18/4/2005;5655,20
19/4/2005;6130,95
20/4/2005;6155,37
21/4/2005;6126,77
22/4/2005;6171,42
25/4/2005;6193,50
26/4/2005;6197,89
27/4/2005;6248,69
28/4/2005;6292,66
29/4/2005;6294,54
2/5/2005;6312,24
3/5/2005;6316,80
4/5/2005;6342,17
5/5/2005;6242,83
6/5/2005;6060,09
9/5/2005;6076,75
10/5/2005;6113,89
11/5/2005;6166,57
12/5/2005;6192,81
13/5/2005;6232,53
16/5/2005;6246,85
17/5/2005;6268,38
18/5/2005;6396,36
19/5/2005;6392,25
20/5/2005;6408,65
23/5/2005;6459,37
24/5/2005;6487,82
25/5/2005;6292,01
26/5/2005;6410,30
27/5/2005;6422,23
30/5/2005;6422,23
31/5/2005;6497,74
1/6/2005;6594,64
2/6/2005;6631,89
3/6/2005;6604,90
6/6/2005;6636,93
7/6/2005;6667,49
8/6/2005;6769,31
9/6/2005;6768,80
10/6/2005;6606,52
13/6/2005;794,57
14/6/2005;904,03
15/6/2005;889,81
16/6/2005;889,87
17/6/2005;885,23
20/6/2005;879,31
21/6/2005;880,53
22/6/2005;878,58
23/6/2005;891,93
24/6/2005;890,08
27/6/2005;893,33
28/6/2005;879,45
29/6/2005;865,61
30/6/2005;462,29
1/7/2005;453,47
4/7/2005;453,07
5/7/2005;446,42
6/7/2005;453,94
7/7/2005;438,88
8/7/2005;418,34
11/7/2005;420,11
12/7/2005;405,78
13/7/2005;411,36
14/7/2005;415,12
15/7/2005;418,23
18/7/2005;425,37
19/7/2005;428,55
20/7/2005;422,22
21/7/2005;418,46
22/7/2005;422,21
25/7/2005;428,97
26/7/2005;428,90
27/7/2005;423,26
28/7/2005;416,32
29/7/2005;412,97
1/8/2005;410,58
2/8/2005;405,93
3/8/2005;404,66
4/8/2005;399,35
5/8/2005;391,63
8/8/2005;399,57
9/8/2005;399,52
10/8/2005;395,69
11/8/2005;410,52
12/8/2005;418,24
15/8/2005;412,31
16/8/2005;417,98
17/8/2005;417,82
18/8/2005;425,87
19/8/2005;433,42
22/8/2005;429,47
23/8/2005;431,49
24/8/2005;443,66
25/8/2005;437,30
26/8/2005;437,25
29/8/2005;439,20
30/8/2005;444,82
31/8/2005;438,60
1/9/2005;429,61
2/9/2005;414,03
5/9/2005;414,03
6/9/2005;414,73
7/9/2005;405,00
8/9/2005;406,29
9/9/2005;409,28
12/9/2005;408,39
13/9/2005;415,12
14/9/2005;407,00
15/9/2005;397,02
16/9/2005;388,14
19/9/2005;387,77
20/9/2005;393,11
21/9/2005;390,17
22/9/2005;397,21
23/9/2005;391,09
26/9/2005;385,42
27/9/2005;387,25
28/9/2005;376,68
29/9/2005;363,03
30/9/2005;349,12
3/10/2005;342,59
4/10/2005;354,62
5/10/2005;365,81
6/10/2005;386,31
7/10/2005;372,83
10/10/2005;372,83
11/10/2005;381,22
12/10/2005;404,62
13/10/2005;411,92
14/10/2005;408,40
17/10/2005;404,60
18/10/2005;400,62
19/10/2005;404,35
20/10/2005;414,86
21/10/2005;423,50
24/10/2005;411,61
25/10/2005;398,98
26/10/2005;396,48
27/10/2005;404,05
28/10/2005;388,67
31/10/2005;370,93
1/11/2005;374,79
2/11/2005;374,00
3/11/2005;375,21
4/11/2005;381,92
7/11/2005;380,48
8/11/2005;381,22
9/11/2005;385,83
10/11/2005;390,73
11/11/2005;390,73
14/11/2005;389,36
15/11/2005;387,05
16/11/2005;379,61
17/11/2005;367,14
18/11/2005;367,64
21/11/2005;362,80
22/11/2005;359,24
23/11/2005;352,52
24/11/2005;352,52
25/11/2005;354,78
28/11/2005;375,70
29/11/2005;384,21
30/11/2005;495,45
1/12/2005;486,92
2/12/2005;478,54
5/12/2005;476,38
6/12/2005;473,18
7/12/2005;473,53
8/12/2005;488,18
9/12/2005;484,88
12/12/2005;493,41
13/12/2005;492,36
14/12/2005;484,16
15/12/2005;490,58
16/12/2005;510,50
19/12/2005;514,37
20/12/2005;511,29
21/12/2005;504,65
22/12/2005;495,50
23/12/2005;500,06
26/12/2005;500,06
27/12/2005;498,05
28/12/2005;501,92
29/12/2005;499,31
30/12/2005;503,72
31/12/2005;503,72
2/1/2006;503,72
3/1/2006;491,53
4/1/2006;475,58
5/1/2006;477,07
6/1/2006;459,28
9/1/2006;459,06
10/1/2006;459,97
11/1/2006;454,01
12/1/2006;464,88
13/1/2006;466,59
16/1/2006;466,59
17/1/2006;473,54
18/1/2006;474,11
19/1/2006;459,43
20/1/2006;454,22
23/1/2006;449,64
24/1/2006;443,87
25/1/2006;443,37
26/1/2006;439,03
27/1/2006;434,66
30/1/2006;434,80
31/1/2006;440,14
1/2/2006;425,46
2/2/2006;416,77
3/2/2006;408,55
6/2/2006;397,46
7/2/2006;404,44
8/2/2006;397,97
9/2/2006;393,94
10/2/2006;369,88
13/2/2006;375,33
14/2/2006;376,08
15/2/2006;374,91
16/2/2006;374,82
17/2/2006;373,50
20/2/2006;373,50
21/2/2006;371,27
22/2/2006;372,66
23/2/2006;363,54
24/2/2006;362,22
27/2/2006;351,45
28/2/2006;353,98
1/3/2006;346,20
2/3/2006;343,53
3/3/2006;343,03
6/3/2006;351,11
7/3/2006;367,36
8/3/2006;372,63
9/3/2006;367,83
10/3/2006;353,00
13/3/2006;348,92
14/3/2006;353,26
15/3/2006;339,80
16/3/2006;333,33
17/3/2006;332,11
20/3/2006;335,25
21/3/2006;343,41
22/3/2006;350,04
23/3/2006;353,10
24/3/2006;355,64
27/3/2006;353,26
28/3/2006;353,87
29/3/2006;349,99
30/3/2006;343,44
31/3/2006;344,37
3/4/2006;342,48
4/4/2006;339,85
5/4/2006;345,04
6/4/2006;343,63
7/4/2006;345,61
10/4/2006;349,30
11/4/2006;350,98
12/4/2006;344,89
13/4/2006;342,40
17/4/2006;337,56
18/4/2006;325,81
19/4/2006;317,31
20/4/2006;319,42
21/4/2006;320,68
24/4/2006;323,59
25/4/2006;318,93
26/4/2006;314,50
27/4/2006;313,28
28/4/2006;313,66
1/5/2006;309,87
2/5/2006;310,67
3/5/2006;311,86
4/5/2006;310,85
5/5/2006;313,00
8/5/2006;313,99
9/5/2006;318,21
10/5/2006;316,68
11/5/2006;319,96
12/5/2006;328,95
15/5/2006;354,59
16/5/2006;343,60
17/5/2006;359,54
18/5/2006;358,69
19/5/2006;362,61
22/5/2006;383,58
23/5/2006;375,66
24/5/2006;388,83
25/5/2006;364,15
26/5/2006;359,97
29/5/2006;359,97
30/5/2006;370,71
31/5/2006;368,89
1/6/2006;352,50
2/6/2006;371,71
5/6/2006;373,02
6/6/2006;378,05
7/6/2006;372,55
8/6/2006;379,36
9/6/2006;376,69
12/6/2006;383,89
13/6/2006;391,52
14/6/2006;382,20
15/6/2006;365,58
16/6/2006;372,72
19/6/2006;375,00
20/6/2006;375,66
21/6/2006;379,29
22/6/2006;388,16
23/6/2006;397,77
26/6/2006;411,72
27/6/2006;419,04
28/6/2006;408,76
29/6/2006;390,33
30/6/2006;384,65
3/7/2006;372,55
4/7/2006;372,55
5/7/2006;380,26
6/7/2006;376,11
7/7/2006;372,50
10/7/2006;364,57
11/7/2006;362,88
12/7/2006;377,03
13/7/2006;385,47
14/7/2006;384,49
17/7/2006;383,72
18/7/2006;370,26
19/7/2006;363,78
20/7/2006;349,37
21/7/2006;349,18
24/7/2006;339,40
25/7/2006;343,76
26/7/2006;333,83
27/7/2006;336,92
28/7/2006;342,75
31/7/2006;346,13
1/8/2006;346,07
2/8/2006;344,06
3/8/2006;341,78
4/8/2006;336,89
7/8/2006;330,20
8/8/2006;323,86
9/8/2006;320,39
10/8/2006;323,23
11/8/2006;321,00
14/8/2006;317,03
15/8/2006;319,20
16/8/2006;308,15
17/8/2006;310,00
18/8/2006;313,60
21/8/2006;317,86
22/8/2006;323,74
23/8/2006;328,89
24/8/2006;331,04
25/8/2006;328,72
28/8/2006;327,17
29/8/2006;327,88
30/8/2006;319,17
31/8/2006;320,49
1/9/2006;319,31
4/9/2006;319,31
5/9/2006;305,77
6/9/2006;312,09
7/9/2006;313,62
8/9/2006;319,34
11/9/2006;321,84
12/9/2006;319,29
13/9/2006;323,41
14/9/2006;323,53
15/9/2006;319,31
18/9/2006;317,14
19/9/2006;327,88
20/9/2006;336,60
21/9/2006;359,71
22/9/2006;367,05
25/9/2006;372,89
26/9/2006;352,79
27/9/2006;351,57
28/9/2006;339,80
29/9/2006;341,98
2/10/2006;337,24
3/10/2006;346,11
4/10/2006;341,93
5/10/2006;324,87
6/10/2006;322,28
9/10/2006;322,28
10/10/2006;313,67
11/10/2006;314,84
12/10/2006;301,49
13/10/2006;289,02
16/10/2006;283,86
17/10/2006;293,28
18/10/2006;287,96
19/10/2006;284,73
20/10/2006;288,58
23/10/2006;286,66
24/10/2006;288,13
25/10/2006;283,64
26/10/2006;279,77
27/10/2006;282,85
30/10/2006;290,42
31/10/2006;293,81
1/11/2006;293,97
2/11/2006;288,63
3/11/2006;278,29
6/11/2006;278,73
7/11/2006;285,76
8/11/2006;286,88
9/11/2006;290,79
10/11/2006;297,20
13/11/2006;284,75
14/11/2006;287,56
15/11/2006;282,02
16/11/2006;281,41
17/11/2006;290,10
19/11/2006;290,10
20/11/2006;289,73
21/11/2006;294,54
22/11/2006;296,74
23/11/2006;296,74
24/11/2006;298,70
27/11/2006;309,21
28/11/2006;310,46
29/11/2006;297,82
30/11/2006;297,92
1/12/2006;306,47
4/12/2006;298,98
5/12/2006;293,09
6/12/2006;284,99
7/12/2006;276,52
8/12/2006;262,84
11/12/2006;254,84
12/12/2006;252,93
13/12/2006;247,38
14/12/2006;242,03
15/12/2006;239,72
18/12/2006;239,94
19/12/2006;235,48
20/12/2006;229,16
21/12/2006;228,28
22/12/2006;229,54
26/12/2006;231,86
27/12/2006;223,39
28/12/2006;215,94
29/12/2006;215,74
2/1/2007;218,89
3/1/2007;204,92
4/1/2007;217,20
5/1/2007;223,76
8/1/2007;220,56
9/1/2007;228,64
10/1/2007;225,07
11/1/2007;213,72
12/1/2007;207,41
15/1/2007;207,41
16/1/2007;202,55
17/1/2007;192,87
18/1/2007;194,69
19/1/2007;192,44
22/1/2007;194,77
23/1/2007;190,36
24/1/2007;190,48
25/1/2007;186,11
26/1/2007;184,74
29/1/2007;185,00
30/1/2007;185,04
31/1/2007;192,83
1/2/2007;185,12
2/2/2007;188,43
5/2/2007;189,52
6/2/2007;191,93
7/2/2007;204,15
8/2/2007;214,48
9/2/2007;218,15
12/2/2007;215,68
13/2/2007;205,80
14/2/2007;205,25
15/2/2007;206,99
16/2/2007;209,90
19/2/2007;209,90
20/2/2007;208,11
21/2/2007;207,30
22/2/2007;201,78
23/2/2007;209,08
26/2/2007;214,45
27/2/2007;239,49
28/2/2007;228,25
1/3/2007;228,30
2/3/2007;236,53
5/3/2007;239,96
6/3/2007;234,15
7/3/2007;235,61
8/3/2007;230,25
9/3/2007;216,87
12/3/2007;218,40
13/3/2007;227,14
14/3/2007;220,43
15/3/2007;220,27
16/3/2007;220,95
19/3/2007;217,86
20/3/2007;219,55
21/3/2007;217,33
22/3/2007;207,78
23/3/2007;209,14
26/3/2007;210,54
27/3/2007;208,88
28/3/2007;208,05
29/3/2007;208,77
30/3/2007;204,38
2/4/2007;204,97
3/4/2007;203,45
4/4/2007;202,39
5/4/2007;202,41
9/4/2007;197,63
10/4/2007;200,66
11/4/2007;202,56
12/4/2007;216,46
13/4/2007;234,10
16/4/2007;237,85
17/4/2007;250,15
18/4/2007;254,55
19/4/2007;261,45
20/4/2007;255,95
23/4/2007;257,97
24/4/2007;260,49
25/4/2007;260,46
26/4/2007;263,01
27/4/2007;262,97
30/4/2007;272,08
1/5/2007;272,89
2/5/2007;273,41
3/5/2007;276,63
4/5/2007;287,00
7/5/2007;291,00
8/5/2007;288,00
9/5/2007;286,00
10/5/2007;288,00
11/5/2007;288,00
14/5/2007;290,00
15/5/2007;283,00
16/5/2007;274,00
17/5/2007;270,00
18/5/2007;269,00
21/5/2007;265,00
22/5/2007;263,00
23/5/2007;264,00
24/5/2007;276,00
25/5/2007;271,00
28/5/2007;271,00
29/5/2007;276,00
30/5/2007;281,00
31/5/2007;277,00
1/6/2007;271,00
4/6/2007;275,00
5/6/2007;274,00
6/6/2007;286,00
7/6/2007;290,00
8/6/2007;292,00
11/6/2007;292,00
12/6/2007;306,00
13/6/2007;310,00
14/6/2007;289,00
15/6/2007;275,00
18/6/2007;267,00
19/6/2007;267,00
20/6/2007;275,00
21/6/2007;280,00
22/6/2007;285,00
25/6/2007;303,00
26/6/2007;312,00
27/6/2007;323,00
28/6/2007;303,00
29/6/2007;325,00
2/7/2007;320,00
3/7/2007;318,00
4/7/2007;318,00
5/7/2007;317,00
6/7/2007;307,00
9/7/2007;308,00
10/7/2007;324,00
11/7/2007;319,00
12/7/2007;303,00
13/7/2007;313,00
16/7/2007;318,00
17/7/2007;322,00
18/7/2007;342,00
19/7/2007;331,00
20/7/2007;345,00
23/7/2007;355,00
24/7/2007;381,00
25/7/2007;401,00
26/7/2007;468,00
27/7/2007;471,00
30/7/2007;449,00
31/7/2007;449,00
1/8/2007;461,00
2/8/2007;461,00
3/8/2007;463,00
6/8/2007;473,00
7/8/2007;459,00
8/8/2007;403,00
9/8/2007;433,00
10/8/2007;427,00
13/8/2007;430,00
14/8/2007;460,00
15/8/2007;469,00
16/8/2007;517,00
17/8/2007;477,00
20/8/2007;492,00
21/8/2007;489,00
22/8/2007;465,00
23/8/2007;471,00
24/8/2007;462,00
27/8/2007;448,00
28/8/2007;465,00
29/8/2007;459,00
30/8/2007;467,00
31/8/2007;450,00
3/9/2007;450,00
4/9/2007;449,00
5/9/2007;465,00
6/9/2007;454,00
7/9/2007;463,00
10/9/2007;477,00
11/9/2007;471,00
12/9/2007;460,00
13/9/2007;440,00
14/9/2007;439,00
17/9/2007;440,00
18/9/2007;405,00
19/9/2007;395,00
20/9/2007;394,00
21/9/2007;377,00
24/9/2007;388,00
25/9/2007;392,00
26/9/2007;392,00
27/9/2007;391,00
28/9/2007;398,00
1/10/2007;395,00
2/10/2007;393,00
3/10/2007;402,00
4/10/2007;405,00
5/10/2007;388,00
8/10/2007;388,00
9/10/2007;370,00
10/10/2007;372,00
11/10/2007;354,00
12/10/2007;350,00
15/10/2007;354,00
16/10/2007;355,00
17/10/2007;366,00
18/10/2007;364,00
19/10/2007;386,00
22/10/2007;388,00
23/10/2007;388,00
24/10/2007;395,00
25/10/2007;382,00
26/10/2007;352,00
29/10/2007;350,00
30/10/2007;341,00
31/10/2007;312,00
1/11/2007;329,00
2/11/2007;341,00
5/11/2007;355,00
6/11/2007;345,00
7/11/2007;360,00
8/11/2007;385,00
9/11/2007;387,00
12/11/2007;387,00
13/11/2007;383,00
14/11/2007;373,00
15/11/2007;399,00
16/11/2007;404,00
19/11/2007;425,00
20/11/2007;413,00
21/11/2007;441,00
22/11/2007;441,00
23/11/2007;445,00
26/11/2007;471,00
27/11/2007;454,00
28/11/2007;420,00
29/11/2007;412,00
30/11/2007;401,00
3/12/2007;407,00
4/12/2007;411,00
5/12/2007;406,00
6/12/2007;387,00
7/12/2007;369,00
10/12/2007;357,00
11/12/2007;378,00
12/12/2007;380,00
13/12/2007;384,00
14/12/2007;388,00
17/12/2007;403,00
18/12/2007;405,00
19/12/2007;412,00
20/12/2007;413,00
21/12/2007;399,00
24/12/2007;393,00
26/12/2007;390,00
27/12/2007;392,00
28/12/2007;401,00
31/12/2007;410,00
2/1/2008;423,00
3/1/2008;422,00
4/1/2008;436,00
7/1/2008;428,00
8/1/2008;419,00
9/1/2008;437,00
10/1/2008;421,00
11/1/2008;414,00
14/1/2008;416,00
15/1/2008;426,00
16/1/2008;431,00
17/1/2008;446,00
18/1/2008;454,00
21/1/2008;454,00
22/1/2008;473,00
23/1/2008;487,00
24/1/2008;455,00
25/1/2008;468,00
27/1/2008;468,00
28/1/2008;470,00
29/1/2008;466,00
30/1/2008;451,00
31/1/2008;466,00
1/2/2008;462,00
4/2/2008;453,00
5/2/2008;470,00
6/2/2008;470,00
7/2/2008;464,00
8/2/2008;489,00
11/2/2008;497,00
12/2/2008;479,00
13/2/2008;476,00
14/2/2008;474,00
15/2/2008;487,00
18/2/2008;487,00
19/2/2008;479,00
20/2/2008;478,00
21/2/2008;487,00
22/2/2008;481,00
25/2/2008;477,00
26/2/2008;463,00
27/2/2008;463,00
28/2/2008;479,00
29/2/2008;503,00
3/3/2008;506,00
4/3/2008;493,00
5/3/2008;475,00
6/3/2008;490,00
7/3/2008;505,00
10/3/2008;525,00
11/3/2008;490,00
12/3/2008;510,00
13/3/2008;512,00
14/3/2008;541,00
17/3/2008;580,00
18/3/2008;536,00
19/3/2008;551,00
20/3/2008;551,00
24/3/2008;532,00
25/3/2008;535,00
26/3/2008;555,00
27/3/2008;551,00
28/3/2008;559,00
31/3/2008;581,00
1/4/2008;561,00
2/4/2008;542,00
3/4/2008;530,00
4/4/2008;530,00
7/4/2008;529,00
8/4/2008;536,00
9/4/2008;544,00
10/4/2008;542,00
11/4/2008;558,00
14/4/2008;553,00
15/4/2008;550,00
16/4/2008;546,00
17/4/2008;557,00
18/4/2008;545,00
21/4/2008;560,00
22/4/2008;583,00
23/4/2008;576,00
24/4/2008;565,00
25/4/2008;589,00
28/4/2008;580,00
29/4/2008;584,00
30/4/2008;563,00
1/5/2008;547,00
2/5/2008;548,00
5/5/2008;543,00
6/5/2008;546,00
7/5/2008;570,00
8/5/2008;570,00
9/5/2008;573,00
12/5/2008;580,00
13/5/2008;566,00
14/5/2008;559,00
15/5/2008;556,00
16/5/2008;552,00
19/5/2008;538,00
20/5/2008;544,00
21/5/2008;542,00
22/5/2008;541,00
23/5/2008;559,00
26/5/2008;559,00
27/5/2008;556,00
28/5/2008;548,00
29/5/2008;535,00
30/5/2008;535,00
2/6/2008;542,00
3/6/2008;549,00
4/6/2008;528,00
5/6/2008;526,00
6/6/2008;547,00
9/6/2008;543,00
10/6/2008;542,00
11/6/2008;535,00
12/6/2008;535,00
13/6/2008;541,00
16/6/2008;555,00
17/6/2008;575,00
18/6/2008;568,00
19/6/2008;561,00
20/6/2008;581,00
23/6/2008;572,00
24/6/2008;582,00
25/6/2008;581,00
26/6/2008;606,00
27/6/2008;614,00
30/6/2008;614,00
1/7/2008;629,00
2/7/2008;638,00
3/7/2008;622,00
4/7/2008;622,00
7/7/2008;627,00
8/7/2008;635,00
9/7/2008;644,00
10/7/2008;651,00
11/7/2008;658,00
14/7/2008;665,00
15/7/2008;668,00
16/7/2008;657,00
17/7/2008;636,00
18/7/2008;599,00
21/7/2008;594,00
22/7/2008;601,00
23/7/2008;586,00
24/7/2008;609,00
25/7/2008;609,00
28/7/2008;624,00
29/7/2008;613,00
30/7/2008;608,00
31/7/2008;612,00
1/8/2008;625,00
4/8/2008;635,00
5/8/2008;637,00
6/8/2008;643,00
7/8/2008;684,00
8/8/2008;729,00
11/8/2008;668,00
12/8/2008;672,00
13/8/2008;657,00
14/8/2008;656,00
15/8/2008;664,00
18/8/2008;672,00
19/8/2008;672,00
20/8/2008;677,00
21/8/2008;681,00
22/8/2008;675,00
25/8/2008;685,00
26/8/2008;680,00
27/8/2008;678,00
28/8/2008;676,00
29/8/2008;671,00
1/9/2008;671,00
2/9/2008;678,00
3/9/2008;698,00
4/9/2008;713,00
5/9/2008;722,00
8/9/2008;708,00
9/9/2008;743,00
10/9/2008;742,00
11/9/2008;754,00
12/9/2008;764,00
15/9/2008;825,00
16/9/2008;876,00
17/9/2008;930,00
18/9/2008;891,00
19/9/2008;806,00
22/9/2008;769,00
23/9/2008;785,00
24/9/2008;814,00
25/9/2008;826,00
26/9/2008;852,00
29/9/2008;924,00
30/9/2008;953,00
1/10/2008;1005,00
2/10/2008;1099,00
3/10/2008;1040,00
6/10/2008;1161,00
7/10/2008;1232,00
8/10/2008;1294,00
9/10/2008;1284,00
10/10/2008;1358,00
14/10/2008;1242,00
15/10/2008;1334,00
16/10/2008;1372,00
17/10/2008;1364,00
20/10/2008;1385,00
21/10/2008;1627,00
22/10/2008;1905,00
23/10/2008;1878,00
24/10/2008;1843,00
27/10/2008;1841,00
28/10/2008;1897,00
29/10/2008;1894,00
30/10/2008;1892,00
31/10/2008;1787,00
3/11/2008;1664,00
4/11/2008;1625,00
5/11/2008;1714,00
6/11/2008;1711,00
7/11/2008;1711,00
10/11/2008;1707,00
11/11/2008;1698,00
12/11/2008;1751,00
13/11/2008;1899,00
14/11/2008;1965,00
17/11/2008;1835,00
18/11/2008;1835,00
19/11/2008;1865,00
20/11/2008;1912,00
21/11/2008;1909,00
24/11/2008;1845,00
25/11/2008;1828,00
26/11/2008;1720,00
28/11/2008;1722,00
1/12/2008;1777,00
2/12/2008;1806,00
3/12/2008;1815,00
4/12/2008;1858,00
5/12/2008;1849,00
8/12/2008;1799,00
9/12/2008;1842,00
10/12/2008;1833,00
11/12/2008;1836,00
12/12/2008;1906,00
15/12/2008;1960,00
16/12/2008;1946,00
17/12/2008;1846,00
18/12/2008;1894,00
19/12/2008;1842,00
22/12/2008;1822,00
23/12/2008;1817,00
24/12/2008;1817,00
26/12/2008;1817,00
29/12/2008;1742,00
30/12/2008;1705,00
31/12/2008;1704,00
2/1/2009;1681,00
5/1/2009;1637,00
6/1/2009;1572,00
7/1/2009;1580,00
8/1/2009;1636,00
9/1/2009;1639,00
12/1/2009;1647,00
13/1/2009;1646,00
14/1/2009;1640,00
15/1/2009;1611,00
16/1/2009;1553,00
19/1/2009;1553,00
20/1/2009;1539,00
21/1/2009;1557,00
22/1/2009;1535,00
23/1/2009;1514,00
26/1/2009;1510,00
27/1/2009;1510,00
28/1/2009;1480,00
29/1/2009;1489,00
30/1/2009;1495,00
2/2/2009;1507,00
3/2/2009;1507,00
4/2/2009;1535,00
5/2/2009;1547,00
6/2/2009;1541,00
9/2/2009;1537,00
10/2/2009;1578,00
11/2/2009;1637,00
12/2/2009;1645,00
13/2/2009;1618,00
16/2/2009;1609,00
17/2/2009;1694,00
18/2/2009;1734,00
19/2/2009;1724,00
20/2/2009;1749,00
23/2/2009;1798,00
24/2/2009;1791,00
25/2/2009;1707,00
26/2/2009;1708,00
27/2/2009;1727,00
2/3/2009;1772,00
3/3/2009;1802,00
4/3/2009;1762,00
5/3/2009;1827,00
6/3/2009;1890,00
9/3/2009;1908,00
10/3/2009;1874,00
11/3/2009;1809,00
12/3/2009;1810,00
13/3/2009;1828,00
16/3/2009;1815,00
17/3/2009;1848,00
18/3/2009;1885,00
19/3/2009;1838,00
20/3/2009;1884,00
23/3/2009;1909,00
24/3/2009;1908,00
25/3/2009;1960,00
26/3/2009;1903,00
27/3/2009;1927,00
30/3/2009;1932,00
31/3/2009;1894,00
1/4/2009;1893,00
2/4/2009;1864,00
3/4/2009;1833,00
6/4/2009;1808,00
7/4/2009;1832,00
8/4/2009;1786,00
9/4/2009;1734,00
13/4/2009;1728,00
14/4/2009;1752,00
15/4/2009;1755,00
16/4/2009;1761,00
17/4/2009;1756,00
20/4/2009;1838,00
21/4/2009;1790,00
22/4/2009;1781,00
23/4/2009;1794,00
24/4/2009;1750,00
27/4/2009;1747,00
28/4/2009;1777,00
29/4/2009;1769,00
30/4/2009;1766,00
1/5/2009;1764,00
4/5/2009;1685,00
5/5/2009;1551,00
6/5/2009;1445,00
7/5/2009;1379,00
8/5/2009;1409,00
11/5/2009;1433,00
12/5/2009;1510,00
13/5/2009;1565,00
14/5/2009;1514,00
15/5/2009;1550,00
18/5/2009;1474,00
19/5/2009;1429,00
20/5/2009;1378,00
21/5/2009;1405,00
22/5/2009;1380,00
25/5/2009;1380,00
26/5/2009;1355,00
27/5/2009;1315,00
28/5/2009;1296,00
29/5/2009;1291,00
1/6/2009;1214,00
2/6/2009;1158,00
3/6/2009;1166,00
4/6/2009;1157,00
5/6/2009;1144,00
8/6/2009;1144,00
9/6/2009;1109,00
10/6/2009;1100,00
11/6/2009;1054,00
12/6/2009;1042,00
15/6/2009;1050,00
16/6/2009;1100,00
17/6/2009;1184,00
18/6/2009;1174,00
19/6/2009;1183,00
22/6/2009;1231,00
23/6/2009;1248,00
24/6/2009;1210,00
25/6/2009;1171,00
26/6/2009;1142,00
29/6/2009;1008,00
30/6/2009;1062,00
1/7/2009;1040,00
2/7/2009;1045,00
3/7/2009;1045,00
6/7/2009;1059,00
7/7/2009;1050,00
8/7/2009;1124,00
9/7/2009;1125,00
10/7/2009;1123,00
13/7/2009;1141,00
14/7/2009;1112,00
15/7/2009;1103,00
16/7/2009;1079,00
17/7/2009;1037,00
20/7/2009;1033,00
21/7/2009;1052,00
22/7/2009;1007,00
23/7/2009;966,00
24/7/2009;978,00
27/7/2009;946,00
28/7/2009;945,00
29/7/2009;963,00
30/7/2009;961,00
31/7/2009;962,00
3/8/2009;905,00
4/8/2009;877,00
5/8/2009;873,00
6/8/2009;887,00
7/8/2009;862,00
10/8/2009;875,00
11/8/2009;897,00
12/8/2009;888,00
13/8/2009;901,00
14/8/2009;912,00
17/8/2009;925,00
18/8/2009;924,00
19/8/2009;926,00
20/8/2009;914,00
21/8/2009;864,00
24/8/2009;855,00
25/8/2009;874,00
26/8/2009;917,00
27/8/2009;934,00
28/8/2009;940,00
31/8/2009;957,00
1/9/2009;967,00
2/9/2009;973,00
3/9/2009;921,00
4/9/2009;931,00
7/9/2009;931,00
8/9/2009;876,00
9/9/2009;844,00
10/9/2009;858,00
11/9/2009;837,00
14/9/2009;809,00
15/9/2009;751,00
16/9/2009;730,00
17/9/2009;756,00
18/9/2009;755,00
21/9/2009;731,00
22/9/2009;739,00
23/9/2009;765,00
24/9/2009;795,00
25/9/2009;807,00
28/9/2009;803,00
29/9/2009;799,00
30/9/2009;784,00
1/10/2009;797,00
2/10/2009;792,00
5/10/2009;723,00
6/10/2009;708,00
7/10/2009;718,00
8/10/2009;690,00
9/10/2009;663,00
12/10/2009;647,00
13/10/2009;693,00
14/10/2009;685,00
15/10/2009;693,00
16/10/2009;700,00
19/10/2009;711,00
20/10/2009;699,00
21/10/2009;703,00
22/10/2009;692,00
23/10/2009;692,00
26/10/2009;686,00
27/10/2009;700,00
28/10/2009;711,00
29/10/2009;707,00
30/10/2009;721,00
2/11/2009;732,00
3/11/2009;737,00
4/11/2009;728,00
5/11/2009;735,00
6/11/2009;738,00
9/11/2009;730,00
10/11/2009;729,00
11/11/2009;724,00
12/11/2009;733,00
13/11/2009;735,00
16/11/2009;728,00
17/11/2009;724,00
18/11/2009;712,00
19/11/2009;714,00
20/11/2009;710,00
23/11/2009;698,00
24/11/2009;700,00
25/11/2009;701,00
26/11/2009;696,00
27/11/2009;737,00
30/11/2009;766,00
1/12/2009;755,00
2/12/2009;770,00
3/12/2009;783,00
4/12/2009;773,00
7/12/2009;780,00
8/12/2009;793,00
9/12/2009;794,00
10/12/2009;777,00
11/12/2009;733,00
14/12/2009;709,00
15/12/2009;709,00
16/12/2009;689,00
17/12/2009;722,00
18/12/2009;711,00
21/12/2009;690,00
22/12/2009;671,00
23/12/2009;672,00
24/12/2009;666,00
28/12/2009;659,00
29/12/2009;662,00
30/12/2009;663,00
31/12/2009;660,00
4/1/2010;631,00
5/1/2010;643,00
6/1/2010;656,00
7/1/2010;669,00
8/1/2010;685,00
11/1/2010;681,00
12/1/2010;729,00
13/1/2010;727,00
14/1/2010;710,00
15/1/2010;735,00
19/1/2010;708,00
20/1/2010;723,00
21/1/2010;740,00
22/1/2010;756,00
25/1/2010;737,00
26/1/2010;739,00
27/1/2010;749,00
28/1/2010;751,00
29/1/2010;753,00
1/2/2010;739,00
2/2/2010;753,00
3/2/2010;751,00
4/2/2010;798,00
5/2/2010;813,00
8/2/2010;809,00
9/2/2010;801,00
10/2/2010;791,00
11/2/2010;777,00
12/2/2010;794,00
15/2/2010;794,00
16/2/2010;797,00
17/2/2010;788,00
18/2/2010;793,00
19/2/2010;782,00
22/2/2010;785,00
23/2/2010;826,00
24/2/2010;805,00
25/2/2010;809,00
26/2/2010;806,00
1/3/2010;776,00
2/3/2010;769,00
3/3/2010;770,00
4/3/2010;764,00
5/3/2010;750,00
8/3/2010;751,00
9/3/2010;729,00
10/3/2010;722,00
11/3/2010;718,00
12/3/2010;722,00
15/3/2010;719,00
16/3/2010;720,00
17/3/2010;705,00
18/3/2010;685,00
19/3/2010;678,00
22/3/2010;677,00
23/3/2010;669,00
24/3/2010;655,00
25/3/2010;644,00
26/3/2010;645,00
29/3/2010;644,00
30/3/2010;640,00
31/3/2010;646,00
1/4/2010;646,00
5/4/2010;614,00
6/4/2010;614,00
7/4/2010;636,00
8/4/2010;637,00
9/4/2010;626,00
12/4/2010;621,00
13/4/2010;624,00
14/4/2010;618,00
15/4/2010;601,00
16/4/2010;619,00
19/4/2010;618,00
20/4/2010;622,00
21/4/2010;633,00
22/4/2010;637,00
23/4/2010;638,00
26/4/2010;620,00
27/4/2010;652,00
28/4/2010;644,00
29/4/2010;649,00
30/4/2010;659,00
3/5/2010;653,00
4/5/2010;690,00
5/5/2010;724,00
6/5/2010;786,00
7/5/2010;778,00
10/5/2010;736,00
11/5/2010;725,00
12/5/2010;709,00
13/5/2010;696,00
14/5/2010;725,00
17/5/2010;726,00
18/5/2010;754,00
19/5/2010;782,00
20/5/2010;850,00
21/5/2010;844,00
24/5/2010;832,00
25/5/2010;878,00
26/5/2010;833,00
27/5/2010;796,00
28/5/2010;807,00
31/5/2010;807,00
1/6/2010;814,00
2/6/2010;787,00
3/6/2010;775,00
4/6/2010;816,00
7/6/2010;842,00
8/6/2010;852,00
9/6/2010;844,00
10/6/2010;808,00
11/6/2010;833,00
14/6/2010;819,00
15/6/2010;814,00
16/6/2010;795,00
17/6/2010;800,00
18/6/2010;769,00
21/6/2010;758,00
22/6/2010;777,00
23/6/2010;785,00
24/6/2010;792,00
25/6/2010;795,00
28/6/2010;780,00
29/6/2010;796,00
30/6/2010;821,00
1/7/2010;846,00
2/7/2010;831,00
5/7/2010;831,00
6/7/2010;805,00
7/7/2010;782,00
8/7/2010;765,00
9/7/2010;757,00
12/7/2010;749,00
13/7/2010;740,00
14/7/2010;743,00
15/7/2010;753,00
16/7/2010;756,00
19/7/2010;748,00
20/7/2010;746,00
21/7/2010;743,00
22/7/2010;717,00
23/7/2010;719,00
26/7/2010;706,00
27/7/2010;696,00
28/7/2010;698,00
29/7/2010;691,00
30/7/2010;707,00
2/8/2010;685,00
3/8/2010;697,00
4/8/2010;669,00
5/8/2010;674,00
6/8/2010;671,00
9/8/2010;653,00
10/8/2010;657,00
11/8/2010;672,00
12/8/2010;673,00
13/8/2010;670,00
16/8/2010;690,00
17/8/2010;678,00
18/8/2010;683,00
19/8/2010;693,00
20/8/2010;694,00
23/8/2010;691,00
24/8/2010;727,00
25/8/2010;750,00
26/8/2010;776,00
27/8/2010;754,00
30/8/2010;756,00
31/8/2010;760,00
1/9/2010;725,00
2/9/2010;710,00
3/9/2010;685,00
6/9/2010;685,00
7/9/2010;708,00
8/9/2010;716,00
9/9/2010;709,00
10/9/2010;709,00
13/9/2010;698,00
14/9/2010;682,00
15/9/2010;667,00
16/9/2010;652,00
17/9/2010;662,00
20/9/2010;660,00
21/9/2010;681,00
22/9/2010;683,00
23/9/2010;700,00
24/9/2010;680,00
27/9/2010;678,00
28/9/2010;683,00
29/9/2010;680,00
30/9/2010;675,00
1/10/2010;662,00
4/10/2010;668,00
5/10/2010;647,00
6/10/2010;654,00
7/10/2010;648,00
8/10/2010;630,00
11/10/2010;630,00
12/10/2010;590,00
13/10/2010;573,00
14/10/2010;585,00
15/10/2010;578,00
18/10/2010;584,00
19/10/2010;602,00
20/10/2010;604,00
21/10/2010;608,00
22/10/2010;605,00
25/10/2010;590,00
26/10/2010;582,00
27/10/2010;533,00
28/10/2010;527,00
29/10/2010;528,00
1/11/2010;532,00
2/11/2010;538,00
3/11/2010;518,00
4/11/2010;507,00
5/11/2010;501,00
8/11/2010;512,00
9/11/2010;515,00
10/11/2010;520,00
11/11/2010;520,00
12/11/2010;529,00
15/11/2010;528,00
16/11/2010;566,00
17/11/2010;555,00
18/11/2010;535,00
19/11/2010;531,00
22/11/2010;537,00
23/11/2010;546,00
24/11/2010;521,00
25/11/2010;521,00
26/11/2010;521,00
29/11/2010;555,00
30/11/2010;582,00
1/12/2010;547,00
2/12/2010;532,00
3/12/2010;528,00
6/12/2010;528,00
7/12/2010;497,00
8/12/2010;507,00
9/12/2010;507,00
10/12/2010;507,00
13/12/2010;507,00
14/12/2010;498,00
15/12/2010;515,00
16/12/2010;515,00
17/12/2010;533,00
20/12/2010;514,00
21/12/2010;510,00
22/12/2010;495,00
23/12/2010;490,00
24/12/2010;490,00
27/12/2010;489,00
28/12/2010;481,00
29/12/2010;488,00
30/12/2010;486,00
31/12/2010;496,00
3/1/2011;483,00
4/1/2011;479,00
5/1/2011;473,00
6/1/2011;475,00
7/1/2011;492,00
10/1/2011;490,00
11/1/2011;477,00
12/1/2011;468,00
13/1/2011;467,00
14/1/2011;472,00
17/1/2011;472,00
18/1/2011;462,00
19/1/2011;481,00
20/1/2011;462,00
21/1/2011;478,00
24/1/2011;472,00
25/1/2011;488,00
26/1/2011;484,00
27/1/2011;492,00
28/1/2011;537,00
31/1/2011;552,00
1/2/2011;525,00
2/2/2011;517,00
3/2/2011;522,00
4/2/2011;518,00
7/2/2011;518,00
8/2/2011;513,00
9/2/2011;530,00
10/2/2011;527,00
11/2/2011;534,00
14/2/2011;544,00
15/2/2011;554,00
16/2/2011;549,00
17/2/2011;538,00
18/2/2011;533,00
21/2/2011;533,00
22/2/2011;559,00
23/2/2011;571,00
24/2/2011;588,00
25/2/2011;573,00
28/2/2011;580,00
1/3/2011;590,00
2/3/2011;571,00
3/3/2011;554,00
4/3/2011;563,00
7/3/2011;558,00
8/3/2011;547,00
9/3/2011;561,00
10/3/2011;575,00
11/3/2011;574,00
14/3/2011;580,00
15/3/2011;597,00
16/3/2011;608,00
17/3/2011;590,00
18/3/2011;591,00
21/3/2011;577,00
22/3/2011;582,00
23/3/2011;563,00
24/3/2011;549,00
25/3/2011;535,00
28/3/2011;538,00
29/3/2011;544,00
30/3/2011;535,00
31/3/2011;539,00
1/4/2011;513,00
4/4/2011;515,00
5/4/2011;518,00
6/4/2011;513,00
7/4/2011;514,00
8/4/2011;507,00
11/4/2011;508,00
12/4/2011;525,00
13/4/2011;525,00
14/4/2011;528,00
15/4/2011;529,00
18/4/2011;540,00
19/4/2011;547,00
20/4/2011;541,00
21/4/2011;542,00
25/4/2011;547,00
26/4/2011;564,00
27/4/2011;567,00
28/4/2011;563,00
29/4/2011;555,00
2/5/2011;546,00
3/5/2011;555,00
4/5/2011;564,00
5/5/2011;582,00
6/5/2011;577,00
9/5/2011;588,00
10/5/2011;584,00
11/5/2011;586,00
12/5/2011;567,00
13/5/2011;579,00
16/5/2011;588,00
17/5/2011;594,00
18/5/2011;579,00
19/5/2011;576,00
20/5/2011;577,00
23/5/2011;590,00
24/5/2011;591,00
25/5/2011;587,00
26/5/2011;600,00
27/5/2011;595,00
30/5/2011;595,00
31/5/2011;592,00
1/6/2011;609,00
2/6/2011;597,00
3/6/2011;597,00
6/6/2011;597,00
7/6/2011;592,00
8/6/2011;602,00
9/6/2011;587,00
10/6/2011;590,00
13/6/2011;596,00
14/6/2011;574,00
15/6/2011;597,00
16/6/2011;625,00
17/6/2011;628,00
20/6/2011;622,00
21/6/2011;614,00
22/6/2011;611,00
23/6/2011;629,00
24/6/2011;636,00
27/6/2011;628,00
28/6/2011;607,00
29/6/2011;597,00
30/6/2011;568,00
1/7/2011;556,00
4/7/2011;556,00
5/7/2011;565,00
6/7/2011;572,00
7/7/2011;570,00
8/7/2011;588,00
11/7/2011;608,00
12/7/2011;614,00
13/7/2011;621,00
14/7/2011;628,00
15/7/2011;623,00
18/7/2011;628,00
19/7/2011;621,00
20/7/2011;614,00
21/7/2011;593,00
22/7/2011;591,00
25/7/2011;577,00
26/7/2011;582,00
27/7/2011;577,00
28/7/2011;581,00
29/7/2011;592,00
1/8/2011;593,00
2/8/2011;611,00
3/8/2011;619,00
4/8/2011;648,00
5/8/2011;689,00
8/8/2011;756,00
9/8/2011;741,00
10/8/2011;754,00
11/8/2011;737,00
12/8/2011;716,00
15/8/2011;709,00
16/8/2011;728,00
17/8/2011;729,00
18/8/2011;759,00
19/8/2011;750,00
22/8/2011;755,00
23/8/2011;763,00
24/8/2011;746,00
25/8/2011;749,00
26/8/2011;758,00
29/8/2011;741,00
30/8/2011;749,00
31/8/2011;738,00
1/9/2011;757,00
2/9/2011;782,00
5/9/2011;782,00
6/9/2011;799,00
7/9/2011;790,00
8/9/2011;795,00
9/9/2011;812,00
12/9/2011;824,00
13/9/2011;841,00
14/9/2011;864,00
15/9/2011;850,00
16/9/2011;836,00
19/9/2011;868,00
20/9/2011;876,00
21/9/2011;918,00
22/9/2011;991,00
23/9/2011;983,00
26/9/2011;984,00
27/9/2011;928,00
28/9/2011;977,00
29/9/2011;967,00
30/9/2011;993,00
3/10/2011;1018,00
4/10/2011;1017,00
5/10/2011;1013,00
6/10/2011;976,00
7/10/2011;963,00
10/10/2011;963,00
11/10/2011;935,00
12/10/2011;883,00
13/10/2011;900,00
14/10/2011;861,00
17/10/2011;878,00
18/10/2011;888,00
19/10/2011;886,00
20/10/2011;912,00
21/10/2011;899,00
24/10/2011;888,00
25/10/2011;881,00
26/10/2011;874,00
27/10/2011;789,00
28/10/2011;800,00
31/10/2011;835,00
1/11/2011;850,00
2/11/2011;847,00
3/11/2011;809,00
4/11/2011;818,00
7/11/2011;821,00
8/11/2011;807,00
9/11/2011;848,00
10/11/2011;846,00
11/11/2011;846,00
14/11/2011;849,00
15/11/2011;855,00
16/11/2011;872,00
17/11/2011;898,00
18/11/2011;912,00
21/11/2011;955,00
22/11/2011;970,00
23/11/2011;1003,00
24/11/2011;1003,00
25/11/2011;997,00
28/11/2011;982,00
29/11/2011;974,00
30/11/2011;941,00
1/12/2011;934,00
2/12/2011;932,00
5/12/2011;929,00
6/12/2011;900,00
7/12/2011;905,00
8/12/2011;914,00
9/12/2011;895,00
12/12/2011;909,00
13/12/2011;919,00
14/12/2011;938,00
15/12/2011;949,00
16/12/2011;960,00
19/12/2011;961,00
20/12/2011;944,00
21/12/2011;943,00
22/12/2011;927,00
23/12/2011;918,00
26/12/2011;918,00
27/12/2011;915,00
28/12/2011;922,00
29/12/2011;925,00
30/12/2011;925,00
2/1/2012;925,00
3/1/2012;900,00
4/1/2012;881,00
5/1/2012;873,00
6/1/2012;884,00
9/1/2012;870,00
10/1/2012;869,00
11/1/2012;888,00
12/1/2012;891,00
13/1/2012;894,00
16/1/2012;894,00
17/1/2012;888,00
18/1/2012;859,00
19/1/2012;837,00
20/1/2012;821,00
23/1/2012;796,00
24/1/2012;806,00
25/1/2012;789,00
26/1/2012;798,00
27/1/2012;810,00
30/1/2012;825,00
31/1/2012;840,00
1/2/2012;824,00
2/2/2012;828,00
3/2/2012;808,00
6/2/2012;813,00
7/2/2012;810,00
8/2/2012;820,00
9/2/2012;844,00
10/2/2012;858,00
13/2/2012;835,00
14/2/2012;844,00
15/2/2012;844,00
16/2/2012;829,00
17/2/2012;808,00
20/2/2012;808,00
21/2/2012;800,00
22/2/2012;797,00
23/2/2012;798,00
24/2/2012;800,00
27/2/2012;817,00
28/2/2012;829,00
29/2/2012;843,00
1/3/2012;818,00
2/3/2012;811,00
5/3/2012;820,00
6/3/2012;835,00
7/3/2012;834,00
8/3/2012;816,00
9/3/2012;822,00
12/3/2012;827,00
13/3/2012;807,00
14/3/2012;795,00
15/3/2012;788,00
16/3/2012;792,00
19/3/2012;784,00
20/3/2012;793,00
21/3/2012;799,00
22/3/2012;814,00
23/3/2012;822,00
26/3/2012;829,00
27/3/2012;846,00
28/3/2012;880,00
29/3/2012;899,00
30/3/2012;880,00
2/4/2012;902,00
3/4/2012;896,00
4/4/2012;934,00
5/4/2012;938,00
9/4/2012;947,00
10/4/2012;960,00
11/4/2012;946,00
12/4/2012;931,00
13/4/2012;946,00
16/4/2012;976,00
17/4/2012;992,00
18/4/2012;1048,00
19/4/2012;1019,00
20/4/2012;994,00
23/4/2012;1010,00
24/4/2012;1003,00
25/4/2012;981,00
26/4/2012;983,00
27/4/2012;973,00
30/4/2012;962,00
1/5/2012;953,00
2/5/2012;967,00
3/5/2012;973,00
4/5/2012;998,00
7/5/2012;994,00
8/5/2012;1005,00
9/5/2012;1020,00
10/5/2012;1014,00
11/5/2012;1042,00
14/5/2012;1077,00
15/5/2012;1103,00
16/5/2012;1134,00
17/5/2012;1132,00
18/5/2012;1134,00
21/5/2012;1123,00
22/5/2012;1121,00
23/5/2012;1152,00
24/5/2012;1184,00
25/5/2012;1175,00
28/5/2012;1175,00
29/5/2012;1185,00
30/5/2012;1244,00
31/5/2012;1236,00
1/6/2012;1249,00
4/6/2012;1211,00
5/6/2012;1165,00
6/6/2012;1117,00
7/6/2012;1170,00
8/6/2012;1167,00
11/6/2012;1199,00
12/6/2012;1131,00
13/6/2012;1111,00
14/6/2012;1088,00
15/6/2012;1077,00
18/6/2012;1094,00
19/6/2012;1079,00
20/6/2012;1078,00
21/6/2012;1111,00
22/6/2012;1103,00
25/6/2012;1128,00
26/6/2012;1112,00
27/6/2012;1103,00
28/6/2012;1120,00
29/6/2012;1088,00
2/7/2012;1071,00
3/7/2012;1044,00
4/7/2012;1044,00
5/7/2012;1053,00
6/7/2012;1080,00
9/7/2012;1090,00
10/7/2012;1108,00
11/7/2012;1098,00
12/7/2012;1097,00
13/7/2012;1075,00
16/7/2012;1079,00
17/7/2012;1066,00
18/7/2012;1084,00
19/7/2012;1088,00
20/7/2012;1114,00
23/7/2012;1128,00
24/7/2012;1147,00
25/7/2012;1136,00
26/7/2012;1116,00
27/7/2012;1082,00
30/7/2012;1085,00
31/7/2012;1087,00
1/8/2012;1075,00
2/8/2012;1083,00
3/8/2012;1050,00
6/8/2012;1051,00
7/8/2012;1040,00
8/8/2012;1031,00
9/8/2012;1048,00
10/8/2012;1059,00
13/8/2012;1051,00
14/8/2012;1040,00
15/8/2012;1032,00
16/8/2012;1010,00
17/8/2012;1013,00
20/8/2012;1025,00
21/8/2012;1014,00
22/8/2012;1023,00
23/8/2012;1027,00
24/8/2012;1023,00
27/8/2012;1027,00
28/8/2012;1024,00
29/8/2012;1038,00
30/8/2012;1064,00
31/8/2012;1051,00
3/9/2012;1051,00
4/9/2012;1038,00
5/9/2012;1019,00
6/9/2012;981,00
7/9/2012;977,00
10/9/2012;971,00
11/9/2012;952,00
12/9/2012;944,00
13/9/2012;916,00
14/9/2012;860,00
17/9/2012;847,00
18/9/2012;881,00
19/9/2012;867,00
20/9/2012;866,00
21/9/2012;851,00
24/9/2012;859,00
25/9/2012;890,00
26/9/2012;907,00
27/9/2012;892,00
28/9/2012;897,00
1/10/2012;880,00
2/10/2012;882,00
3/10/2012;879,00
4/10/2012;856,00
5/10/2012;842,00
8/10/2012;842,00
9/10/2012;888,00
10/10/2012;908,00
11/10/2012;891,00
12/10/2012;870,00
15/10/2012;851,00
16/10/2012;851,00
17/10/2012;845,00
18/10/2012;845,00
19/10/2012;866,00
22/10/2012;862,00
23/10/2012;860,00
24/10/2012;858,00
25/10/2012;851,00
26/10/2012;987,00
29/10/2012;1024,00
30/10/2012;1024,00
31/10/2012;1066,00
1/11/2012;1127,00
2/11/2012;1158,00
5/11/2012;1115,00
6/11/2012;1092,00
7/11/2012;1149,00
8/11/2012;1165,00
9/11/2012;1209,00
12/11/2012;1209,00
13/11/2012;1222,00
14/11/2012;1233,00
15/11/2012;1275,00
16/11/2012;1264,00
19/11/2012;1171,00
20/11/2012;1159,00
21/11/2012;1147,00
22/11/2012;1147,00
23/11/2012;1147,00
26/11/2012;1348,00
27/11/2012;1315,00
28/11/2012;1340,00
29/11/2012;1168,00
30/11/2012;1140,00
3/12/2012;1144,00
4/12/2012;1107,00
5/12/2012;1086,00
6/12/2012;1079,00
7/12/2012;1066,00
10/12/2012;1047,00
11/12/2012;1041,00
12/12/2012;1036,00
13/12/2012;1037,00
14/12/2012;1024,00
17/12/2012;1023,00
18/12/2012;1006,00
19/12/2012;1000,00
20/12/2012;997,00
21/12/2012;1014,00
24/12/2012;1012,00
26/12/2012;1013,00
27/12/2012;1014,00
28/12/2012;1002,00
31/12/2012;991,00
2/1/2013;949,00
3/1/2013;935,00
4/1/2013;943,00
7/1/2013;966,00
8/1/2013;1020,00
9/1/2013;1037,00
10/1/2013;1080,00
11/1/2013;1094,00
14/1/2013;1087,00
15/1/2013;1088,00
16/1/2013;1077,00
17/1/2013;1062,00
18/1/2013;1070,00
21/1/2013;1070,00
22/1/2013;1070,00
23/1/2013;1100,00
24/1/2013;1106,00
25/1/2013;1113,00
28/1/2013;1110,00
29/1/2013;1101,00
30/1/2013;1101,00
31/1/2013;1102,00
1/2/2013;1082,00
4/2/2013;1092,00
5/2/2013;1089,00
6/2/2013;1124,00
7/2/2013;1102,00
8/2/2013;1077,00
11/2/2013;1089,00
12/2/2013;1111,00
13/2/2013;1098,00
14/2/2013;1093,00
15/2/2013;1098,00
18/2/2013;1098,00
19/2/2013;1100,00
20/2/2013;1104,00
21/2/2013;1132,00
22/2/2013;1131,00
25/2/2013;1137,00
26/2/2013;1115,00
27/2/2013;1114,00
28/2/2013;1287,00
1/3/2013;1218,00
4/3/2013;1208,00
5/3/2013;1198,00
6/3/2013;1177,00
7/3/2013;1171,00
8/3/2013;1160,00
11/3/2013;1157,00
12/3/2013;1136,00
13/3/2013;1149,00
14/3/2013;1157,00
15/3/2013;1183,00
18/3/2013;1180,00
19/3/2013;1205,00
20/3/2013;1202,00
21/3/2013;1217,00
22/3/2013;1219,00
25/3/2013;1261,00
26/3/2013;1293,00
27/3/2013;1337,00
28/3/2013;1307,00
1/4/2013;1321,00
2/4/2013;1306,00
3/4/2013;1262,00
4/4/2013;1254,00
5/4/2013;1271,00
8/4/2013;1257,00
9/4/2013;1233,00
10/4/2013;1219,00
11/4/2013;1205,00
12/4/2013;1167,00
15/4/2013;1159,00
16/4/2013;1165,00
17/4/2013;1186,00
18/4/2013;1204,00
19/4/2013;1209,00
22/4/2013;1216,00
23/4/2013;1212,00
24/4/2013;1212,00
25/4/2013;1210,00
26/4/2013;1215,00
29/4/2013;1212,00
30/4/2013;1210,00
1/5/2013;1215,00
2/5/2013;1205,00
3/5/2013;1204,00
6/5/2013;1205,00
7/5/2013;1208,00
8/5/2013;1203,00
9/5/2013;1194,00
10/5/2013;1193,00
13/5/2013;1191,00
14/5/2013;1177,00
15/5/2013;1186,00
16/5/2013;1184,00
17/5/2013;1157,00
20/5/2013;1148,00
21/5/2013;1149,00
22/5/2013;1127,00
23/5/2013;1141,00
24/5/2013;1144,00
27/5/2013;1144,00
28/5/2013;1128,00
29/5/2013;1148,00
30/5/2013;1158,00
31/5/2013;1167,00
3/6/2013;1169,00
4/6/2013;1183,00
5/6/2013;1195,00
6/6/2013;1204,00
7/6/2013;1187,00
10/6/2013;1188,00
11/6/2013;1198,00
12/6/2013;1199,00
13/6/2013;1192,00
14/6/2013;1197,00
17/6/2013;1198,00
18/6/2013;1221,00
19/6/2013;1213,00
20/6/2013;1227,00
21/6/2013;1223,00
24/6/2013;1229,00
25/6/2013;1221,00
26/6/2013;1219,00
27/6/2013;1215,00
28/6/2013;1199,00
1/7/2013;1189,00
2/7/2013;1199,00
3/7/2013;1204,00
4/7/2013;1204,00
5/7/2013;1188,00
8/7/2013;1194,00
9/7/2013;1194,00
10/7/2013;1205,00
11/7/2013;1194,00
12/7/2013;1188,00
15/7/2013;1164,00
16/7/2013;1142,00
17/7/2013;1139,00
18/7/2013;1052,00
19/7/2013;1075,00
22/7/2013;1040,00
23/7/2013;1025,00
24/7/2013;1063,00
25/7/2013;1092,00
26/7/2013;1107,00
29/7/2013;1139,00
30/7/2013;1130,00
31/7/2013;1112,00
1/8/2013;1095,00
2/8/2013;1101,00
5/8/2013;1094,00
6/8/2013;1069,00
7/8/2013;1067,00
8/8/2013;1052,00
9/8/2013;1036,00
12/8/2013;1032,00
13/8/2013;1020,00
14/8/2013;1018,00
15/8/2013;1019,00
16/8/2013;1017,00
19/8/2013;1034,00
20/8/2013;1039,00
21/8/2013;1043,00
22/8/2013;1023,00
23/8/2013;1072,00
26/8/2013;1075,00
27/8/2013;1120,00
28/8/2013;1127,00
29/8/2013;1163,00
30/8/2013;1170,00
2/9/2013;1170,00
3/9/2013;1128,00
4/9/2013;1101,00
5/9/2013;1085,00
6/9/2013;1075,00
9/9/2013;1062,00
10/9/2013;1073,00
11/9/2013;1073,00
12/9/2013;1110,00
13/9/2013;1114,00
16/9/2013;1089,00
17/9/2013;1092,00
18/9/2013;1063,00
19/9/2013;1044,00
20/9/2013;1037,00
23/9/2013;1030,00
24/9/2013;1013,00
25/9/2013;1007,00
26/9/2013;1017,00
27/9/2013;1024,00
30/9/2013;1035,00
1/10/2013;1039,00
2/10/2013;1029,00
3/10/2013;1019,00
4/10/2013;1005,00
7/10/2013;997,00
8/10/2013;979,00
9/10/2013;971,00
10/10/2013;919,00
11/10/2013;904,00
14/10/2013;904,00
15/10/2013;887,00
16/10/2013;908,00
17/10/2013;904,00
18/10/2013;851,00
21/10/2013;842,00
22/10/2013;859,00
23/10/2013;873,00
24/10/2013;896,00
25/10/2013;891,00
28/10/2013;881,00
29/10/2013;909,00
30/10/2013;921,00
31/10/2013;921,00
1/11/2013;892,00
4/11/2013;875,00
5/11/2013;841,00
6/11/2013;841,00
7/11/2013;838,00
8/11/2013;825,00
11/11/2013;825,00
12/11/2013;831,00
13/11/2013;839,00
14/11/2013;829,00
15/11/2013;813,00
18/11/2013;807,00
19/11/2013;829,00
20/11/2013;806,00
21/11/2013;791,00
22/11/2013;790,00
25/11/2013;803,00
26/11/2013;789,00
27/11/2013;776,00
28/11/2013;776,00
29/11/2013;776,00
2/12/2013;777,00
3/12/2013;795,00
4/12/2013;805,00
5/12/2013;798,00
6/12/2013;780,00
9/12/2013;775,00
10/12/2013;782,00
11/12/2013;783,00
12/12/2013;791,00
13/12/2013;804,00
16/12/2013;806,00
17/12/2013;824,00
18/12/2013;824,00
19/12/2013;822,00
20/12/2013;826,00
23/12/2013;823,00
24/12/2013;817,00
26/12/2013;816,00
27/12/2013;809,00
30/12/2013;812,00
31/12/2013;808,00
2/1/2014;800,00
3/1/2014;793,00
6/1/2014;796,00
7/1/2014;836,00
8/1/2014;840,00
9/1/2014;867,00
10/1/2014;914,00
13/1/2014;937,00
14/1/2014;911,00
15/1/2014;901,00
16/1/2014;926,00
17/1/2014;941,00
20/1/2014;941,00
21/1/2014;920,00
22/1/2014;952,00
23/1/2014;996,00
24/1/2014;1043,00
27/1/2014;1018,00
28/1/2014;983,00
29/1/2014;1037,00
30/1/2014;1067,00
31/1/2014;1085,00
3/2/2014;1103,00
4/2/2014;1056,00
5/2/2014;1018,00
6/2/2014;984,00
7/2/2014;961,00
10/2/2014;984,00
11/2/2014;972,00
12/2/2014;974,00
13/2/2014;970,00
14/2/2014;951,00
17/2/2014;951,00
18/2/2014;972,00
19/2/2014;986,00
20/2/2014;961,00
21/2/2014;951,00
24/2/2014;928,00
25/2/2014;924,00
26/2/2014;927,00
27/2/2014;917,00
28/2/2014;907,00
3/3/2014;926,00
4/3/2014;917,00
5/3/2014;929,00
6/3/2014;905,00
7/3/2014;899,00
10/3/2014;900,00
11/3/2014;903,00
12/3/2014;904,00
13/3/2014;926,00
14/3/2014;914,00
17/3/2014;883,00
18/3/2014;883,00
19/3/2014;873,00
20/3/2014;861,00
21/3/2014;849,00
24/3/2014;850,00
25/3/2014;846,00
26/3/2014;851,00
27/3/2014;837,00
28/3/2014;824,00
31/3/2014;799,00
1/4/2014;802,00
2/4/2014;794,00
3/4/2014;782,00
4/4/2014;754,00
7/4/2014;775,00
8/4/2014;791,00
9/4/2014;769,00
10/4/2014;769,00
11/4/2014;779,00
14/4/2014;784,00
15/4/2014;804,00
16/4/2014;805,00
17/4/2014;796,00
21/4/2014;796,00
22/4/2014;780,00
23/4/2014;792,00
24/4/2014;789,00
25/4/2014;809,00
28/4/2014;795,00
29/4/2014;790,00
30/4/2014;786,00
1/5/2014;778,00
2/5/2014;787,00
5/5/2014;781,00
6/5/2014;781,00
7/5/2014;752,00
8/5/2014;759,00
9/5/2014;771,00
12/5/2014;763,00
13/5/2014;774,00
14/5/2014;773,00
15/5/2014;788,00
16/5/2014;795,00
19/5/2014;801,00
20/5/2014;813,00
21/5/2014;815,00
22/5/2014;834,00
23/5/2014;832,00
26/5/2014;832,00
27/5/2014;846,00
28/5/2014;850,00
29/5/2014;832,00
30/5/2014;833,00
2/6/2014;839,00
3/6/2014;833,00
4/6/2014;819,00
5/6/2014;796,00
6/6/2014;766,00
9/6/2014;769,00
10/6/2014;767,00
11/6/2014;754,00
12/6/2014;761,00
13/6/2014;737,00
16/6/2014;850,00
17/6/2014;873,00
18/6/2014;797,00
19/6/2014;817,00
20/6/2014;709,00
23/6/2014;669,00
24/6/2014;676,00
25/6/2014;667,00
26/6/2014;692,00
27/6/2014;708,00
30/6/2014;724,00
1/7/2014;697,00
2/7/2014;686,00
3/7/2014;673,00
4/7/2014;673,00
7/7/2014;680,00
8/7/2014;668,00
9/7/2014;591,00
10/7/2014;593,00
11/7/2014;596,00
14/7/2014;631,00
15/7/2014;649,00
16/7/2014;644,00
17/7/2014;669,00
18/7/2014;646,00
21/7/2014;671,00
22/7/2014;667,00
23/7/2014;656,00
24/7/2014;630,00
25/7/2014;687,00
28/7/2014;707,00
29/7/2014;680,00
30/7/2014;560,00
31/7/2014;649,00
1/8/2014;701,00
4/8/2014;730,00
5/8/2014;724,00
6/8/2014;682,00
7/8/2014;696,00
8/8/2014;698,00
11/8/2014;694,00
12/8/2014;720,00
13/8/2014;744,00
14/8/2014;774,00
15/8/2014;801,00
18/8/2014;783,00
19/8/2014;764,00
20/8/2014;790,00
21/8/2014;813,00
22/8/2014;821,00
25/8/2014;820,00
26/8/2014;803,00
27/8/2014;806,00
28/8/2014;804,00
29/8/2014;808,00
1/9/2014;808,00
2/9/2014;783,00
3/9/2014;749,00
4/9/2014;750,00
5/9/2014;753,00
8/9/2014;763,00
9/9/2014;753,00
10/9/2014;757,00
11/9/2014;731,00
12/9/2014;706,00
15/9/2014;711,00
16/9/2014;690,00
17/9/2014;698,00
18/9/2014;700,00
19/9/2014;699,00
22/9/2014;702,00
23/9/2014;700,00
24/9/2014;685,00
25/9/2014;686,00
26/9/2014;684,00
29/9/2014;693,00
30/9/2014;700,00
1/10/2014;753,00
2/10/2014;735,00
3/10/2014;738,00
6/10/2014;750,00
7/10/2014;768,00
8/10/2014;751,00
9/10/2014;754,00
10/10/2014;771,00
13/10/2014;771,00
14/10/2014;798,00
15/10/2014;844,00
16/10/2014;833,00
17/10/2014;799,00
20/10/2014;792,00
21/10/2014;779,00
22/10/2014;762,00
23/10/2014;747,00
24/10/2014;745,00
27/10/2014;736,00
28/10/2014;722,00
29/10/2014;712,00
30/10/2014;713,00
31/10/2014;703,00
3/11/2014;682,00
4/11/2014;686,00
5/11/2014;674,00
6/11/2014;672,00
7/11/2014;663,00
10/11/2014;664,00
11/11/2014;664,00
12/11/2014;658,00
13/11/2014;660,00
14/11/2014;664,00
17/11/2014;667,00
18/11/2014;671,00
19/11/2014;678,00
20/11/2014;683,00
21/11/2014;681,00
24/11/2014;680,00
25/11/2014;680,00
26/11/2014;687,00
27/11/2014;687,00
28/11/2014;687,00
1/12/2014;698,00
2/12/2014;688,00
3/12/2014;700,00
4/12/2014;699,00
5/12/2014;707,00
8/12/2014;726,00
9/12/2014;743,00
10/12/2014;760,00
11/12/2014;751,00
12/12/2014;780,00
15/12/2014;804,00
16/12/2014;823,00
17/12/2014;800,00
18/12/2014;771,00
19/12/2014;770,00
22/12/2014;768,00
23/12/2014;759,00
24/12/2014;757,00
26/12/2014;728,00
29/12/2014;729,00
30/12/2014;717,00
31/12/2014;719,00
2/1/2015;726,00
5/1/2015;750,00
6/1/2015;766,00
7/1/2015;749,00
8/1/2015;734,00
9/1/2015;726,00
12/1/2015;736,00
13/1/2015;729,00
14/1/2015;720,00
15/1/2015;741,00
16/1/2015;731,00
19/1/2015;731,00
20/1/2015;720,00
21/1/2015;720,00
22/1/2015;710,00
23/1/2015;726,00
26/1/2015;726,00
27/1/2015;724,00
28/1/2015;730,00
29/1/2015;728,00
30/1/2015;742,00
2/2/2015;739,00
3/2/2015;727,00
4/2/2015;728,00
5/2/2015;718,00
6/2/2015;709,00
9/2/2015;712,00
10/2/2015;712,00
11/2/2015;715,00
12/2/2015;720,00
13/2/2015;702,00
16/2/2015;702,00
17/2/2015;686,00
18/2/2015;679,00
19/2/2015;668,00
20/2/2015;650,00
23/2/2015;626,00
24/2/2015;633,00
25/2/2015;635,00
26/2/2015;624,00
27/2/2015;618,00
2/3/2015;604,00
3/3/2015;597,00
4/3/2015;586,00
5/3/2015;581,00
6/3/2015;566,00
9/3/2015;561,00
10/3/2015;568,00
11/3/2015;581,00
12/3/2015;580,00
13/3/2015;584,00
16/3/2015;581,00
17/3/2015;586,00
18/3/2015;598,00
19/3/2015;598,00
20/3/2015;604,00
23/3/2015;602,00
24/3/2015;608,00
25/3/2015;608,00
26/3/2015;595,00
27/3/2015;612,00
30/3/2015;620,00
31/3/2015;629,00
1/4/2015;628,00
2/4/2015;618,00
3/4/2015;625,00
6/4/2015;610,00
7/4/2015;609,00
8/4/2015;588,00
9/4/2015;574,00
10/4/2015;568,00
13/4/2015;574,00
14/4/2015;583,00
15/4/2015;590,00
16/4/2015;602,00
17/4/2015;619,00
20/4/2015;617,00
21/4/2015;620,00
22/4/2015;617,00
23/4/2015;619,00
24/4/2015;616,00
27/4/2015;608,00
28/4/2015;603,00
29/4/2015;605,00
30/4/2015;603,00
1/5/2015;596,00
4/5/2015;593,00
5/5/2015;581,00
6/5/2015;581,00
7/5/2015;601,00
8/5/2015;610,00
11/5/2015;606,00
12/5/2015;616,00
13/5/2015;606,00
14/5/2015;615,00
15/5/2015;625,00
18/5/2015;599,00
19/5/2015;590,00
20/5/2015;579,00
21/5/2015;578,00
22/5/2015;576,00
25/5/2015;576,00
26/5/2015;588,00
27/5/2015;589,00
28/5/2015;594,00
29/5/2015;601,00
1/6/2015;596,00
2/6/2015;576,00
3/6/2015;557,00
4/6/2015;566,00
5/6/2015;555,00
8/6/2015;559,00
9/6/2015;566,00
10/6/2015;567,00
11/6/2015;572,00
12/6/2015;573,00
15/6/2015;580,00
16/6/2015;588,00
17/6/2015;621,00
18/6/2015;629,00
19/6/2015;652,00
22/6/2015;627,00
23/6/2015;614,00
24/6/2015;621,00
25/6/2015;595,00
26/6/2015;589,00
29/6/2015;617,00
30/6/2015;631,00
1/7/2015;624,00
2/7/2015;619,00
3/7/2015;619,00
6/7/2015;625,00
7/7/2015;625,00
8/7/2015;635,00
9/7/2015;618,00
10/7/2015;595,00
13/7/2015;597,00
14/7/2015;591,00
15/7/2015;577,00
16/7/2015;581,00
17/7/2015;585,00
20/7/2015;582,00
21/7/2015;585,00
22/7/2015;589,00
23/7/2015;591,00
24/7/2015;597,00
27/7/2015;612,00
28/7/2015;610,00
29/7/2015;606,00
30/7/2015;609,00
31/7/2015;615,00
3/8/2015;627,00
4/8/2015;608,00
5/8/2015;583,00
6/8/2015;586,00
7/8/2015;592,00
10/8/2015;572,00
11/8/2015;590,00
12/8/2015;581,00
13/8/2015;580,00
14/8/2015;574,00
17/8/2015;571,00
18/8/2015;565,00
19/8/2015;572,00
20/8/2015;580,00
21/8/2015;593,00
24/8/2015;621,00
25/8/2015;608,00
26/8/2015;612,00
27/8/2015;599,00
28/8/2015;591,00
31/8/2015;584,00
1/9/2015;590,00
2/9/2015;579,00
3/9/2015;567,00
4/9/2015;561,00
7/9/2015;561,00
8/9/2015;542,00
9/9/2015;538,00
10/9/2015;527,00
11/9/2015;531,00
14/9/2015;540,00
15/9/2015;529,00
16/9/2015;537,00
17/9/2015;542,00
18/9/2015;553,00
21/9/2015;546,00
22/9/2015;568,00
23/9/2015;580,00
24/9/2015;595,00
25/9/2015;575,00
28/9/2015;598,00
29/9/2015;601,00
30/9/2015;591,00
1/10/2015;589,00
2/10/2015;596,00
5/10/2015;584,00
6/10/2015;584,00
7/10/2015;579,00
8/10/2015;577,00
9/10/2015;572,00
12/10/2015;572,00
13/10/2015;584,00
14/10/2015;588,00
15/10/2015;576,00
16/10/2015;558,00
19/10/2015;554,00
20/10/2015;555,00
21/10/2015;557,00
22/10/2015;553,00
23/10/2015;542,00
26/10/2015;519,00
27/10/2015;520,00
28/10/2015;495,00
29/10/2015;485,00
30/10/2015;489,00
2/11/2015;490,00
3/11/2015;484,00
4/11/2015;498,00
5/11/2015;504,00
6/11/2015;499,00
9/11/2015;495,00
10/11/2015;482,00
11/11/2015;482,00
12/11/2015;486,00
13/11/2015;496,00
16/11/2015;485,00
17/11/2015;481,00
18/11/2015;471,00
19/11/2015;475,00
20/11/2015;470,00
23/11/2015;466,00
24/11/2015;485,00
25/11/2015;490,00
26/11/2015;490,00
27/11/2015;491,00
30/11/2015;487,00
1/12/2015;496,00
2/12/2015;499,00
3/12/2015;494,00
4/12/2015;500,00
7/12/2015;500,00
8/12/2015;498,00
9/12/2015;495,00
10/12/2015;480,00
11/12/2015;490,00
14/12/2015;500,00
15/12/2015;487,00
16/12/2015;482,00
17/12/2015;475,00
18/12/2015;485,00
21/12/2015;478,00
22/12/2015;475,00
23/12/2015;465,00
24/12/2015;468,00
28/12/2015;444,00
29/12/2015;435,00
30/12/2015;435,00
31/12/2015;438,00
4/1/2016;447,00
5/1/2016;437,00
6/1/2016;448,00
7/1/2016;453,00
8/1/2016;455,00
11/1/2016;455,00
12/1/2016;463,00
13/1/2016;481,00
14/1/2016;483,00
15/1/2016;498,00
18/1/2016;498,00
19/1/2016;501,00
20/1/2016;524,00
21/1/2016;525,00
22/1/2016;515,00
25/1/2016;515,00
26/1/2016;513,00
27/1/2016;510,00
28/1/2016;507,00
29/1/2016;502,00
1/2/2016;488,00
2/2/2016;487,00
3/2/2016;474,00
4/2/2016;472,00
5/2/2016;471,00
8/2/2016;474,00
9/2/2016;482,00
10/2/2016;487,00
11/2/2016;502,00
12/2/2016;477,00
15/2/2016;477,00
16/2/2016;468,00
17/2/2016;458,00
18/2/2016;461,00
19/2/2016;463,00
22/2/2016;453,00
23/2/2016;456,00
24/2/2016;459,00
25/2/2016;461,00
26/2/2016;461,00
29/2/2016;465,00
1/3/2016;454,00
2/3/2016;455,00
3/3/2016;484,00
4/3/2016;459,00
7/3/2016;457,00
8/3/2016;464,00
9/3/2016;457,00
10/3/2016;455,00
11/3/2016;437,00
14/3/2016;437,00
15/3/2016;447,00
16/3/2016;448,00
17/3/2016;440,00
18/3/2016;444,00
21/3/2016;437,00
22/3/2016;437,00
23/3/2016;448,00
24/3/2016;459,00
28/3/2016;450,00
29/3/2016;451,00
30/3/2016;438,00
31/3/2016;444,00
1/4/2016;443,00
4/4/2016;442,00
5/4/2016;449,00
6/4/2016;442,00
7/4/2016;453,00
8/4/2016;450,00
11/4/2016;443,00
12/4/2016;432,00
13/4/2016;419,00
14/4/2016;413,00
15/4/2016;416,00
18/4/2016;403,00
19/4/2016;388,00
20/4/2016;380,00
21/4/2016;379,00
22/4/2016;382,00
25/4/2016;391,00
26/4/2016;383,00
27/4/2016;526,00
28/4/2016;541,00
29/4/2016;544,00
2/5/2016;538,00
3/5/2016;550,00
4/5/2016;558,00
5/5/2016;569,00
6/5/2016;559,00
9/5/2016;565,00
10/5/2016;566,00
11/5/2016;567,00
12/5/2016;564,00
13/5/2016;557,00
16/5/2016;544,00
17/5/2016;542,00
18/5/2016;535,00
19/5/2016;548,00
20/5/2016;545,00
23/5/2016;543,00
24/5/2016;538,00
25/5/2016;529,00
26/5/2016;526,00
27/5/2016;520,00
30/5/2016;520,00
31/5/2016;522,00
1/6/2016;512,00
2/6/2016;516,00
3/6/2016;520,00
6/6/2016;512,00
7/6/2016;508,00
8/6/2016;520,00
9/6/2016;524,00
10/6/2016;534,00
13/6/2016;540,00
14/6/2016;540,00
15/6/2016;532,00
16/6/2016;533,00
17/6/2016;532,00
20/6/2016;516,00
21/6/2016;511,00
22/6/2016;506,00
23/6/2016;495,00
24/6/2016;521,00
27/6/2016;534,00
28/6/2016;529,00
29/6/2016;519,00
30/6/2016;518,00
1/7/2016;513,00
4/7/2016;513,00
5/7/2016;527,00
6/7/2016;528,00
7/7/2016;533,00
8/7/2016;526,00
11/7/2016;517,00
12/7/2016;507,00
13/7/2016;509,00
14/7/2016;503,00
15/7/2016;499,00
18/7/2016;499,00
19/7/2016;500,00
20/7/2016;498,00
21/7/2016;503,00
22/7/2016;500,00
25/7/2016;503,00
26/7/2016;509,00
27/7/2016;521,00
28/7/2016;522,00
29/7/2016;521,00
1/8/2016;523,00
2/8/2016;523,00
3/8/2016;514,00
4/8/2016;513,00
5/8/2016;507,00
8/8/2016;505,00
9/8/2016;502,00
10/8/2016;497,00
11/8/2016;488,00
12/8/2016;482,00
15/8/2016;474,00
16/8/2016;464,00
17/8/2016;470,00
18/8/2016;473,00
19/8/2016;476,00
22/8/2016;485,00
23/8/2016;479,00
24/8/2016;488,00
25/8/2016;488,00
26/8/2016;480,00
29/8/2016;482,00
30/8/2016;482,00
31/8/2016;454,00
1/9/2016;458,00
2/9/2016;448,00
5/9/2016;448,00
6/9/2016;445,00
7/9/2016;438,00
8/9/2016;436,00
9/9/2016;451,00
12/9/2016;447,00
13/9/2016;461,00
14/9/2016;471,00
15/9/2016;461,00
16/9/2016;462,00
19/9/2016;455,00
20/9/2016;447,00
21/9/2016;428,00
22/9/2016;428,00
23/9/2016;437,00
26/9/2016;446,00
27/9/2016;446,00
28/9/2016;437,00
29/9/2016;445,00
30/9/2016;439,00
3/10/2016;436,00
4/10/2016;435,00
5/10/2016;436,00
6/10/2016;448,00
7/10/2016;451,00
10/10/2016;451,00
11/10/2016;453,00
12/10/2016;449,00
13/10/2016;449,00
14/10/2016;455,00
17/10/2016;465,00
18/10/2016;461,00
19/10/2016;451,00
20/10/2016;446,00
21/10/2016;440,00
24/10/2016;441,00
25/10/2016;446,00
26/10/2016;447,00
27/10/2016;453,00
28/10/2016;450,00
31/10/2016;451,00
1/11/2016;461,00
2/11/2016;468,00
3/11/2016;459,00
4/11/2016;460,00
7/11/2016;443,00
8/11/2016;436,00
9/11/2016;438,00
10/11/2016;475,00
11/11/2016;475,00
14/11/2016;504,00
15/11/2016;490,00
16/11/2016;487,00
17/11/2016;489,00
18/11/2016;488,00
21/11/2016;489,00
22/11/2016;486,00
23/11/2016;489,00
24/11/2016;489,00
25/11/2016;489,00
28/11/2016;489,00
29/11/2016;496,00
30/11/2016;515,00
1/12/2016;529,00
2/12/2016;528,00
5/12/2016;524,00
6/12/2016;499,00
7/12/2016;486,00
8/12/2016;489,00
9/12/2016;490,00
12/12/2016;513,00
13/12/2016;512,00
14/12/2016;512,00
15/12/2016;515,00
16/12/2016;512,00
19/12/2016;506,00
20/12/2016;497,00
21/12/2016;489,00
22/12/2016;487,00
23/12/2016;477,00
26/12/2016;477,00
27/12/2016;455,00
28/12/2016;448,00
29/12/2016;453,00
30/12/2016;455,00
2/1/2017;455,00
3/1/2017;474,00
4/1/2017;477,00
5/1/2017;475,00
6/1/2017;468,00
9/1/2017;470,00
10/1/2017;482,00
11/1/2017;483,00
12/1/2017;473,00
13/1/2017;453,00
16/1/2017;453,00
17/1/2017;455,00
18/1/2017;459,00
19/1/2017;461,00
20/1/2017;462,00
23/1/2017;469,00
24/1/2017;464,00
25/1/2017;463,00
26/1/2017;463,00
27/1/2017;457,00
30/1/2017;469,00
31/1/2017;469,00
1/2/2017;461,00
2/2/2017;448,00
3/2/2017;440,00
6/2/2017;443,00
7/2/2017;458,00
8/2/2017;460,00
9/2/2017;456,00
10/2/2017;446,00
13/2/2017;441,00
14/2/2017;442,00
15/2/2017;448,00
16/2/2017;459,00
17/2/2017;460,00
20/2/2017;460,00
21/2/2017;456,00
22/2/2017;456,00
23/2/2017;458,00
24/2/2017;466,00
27/2/2017;469,00
28/2/2017;466,00
1/3/2017;454,00
2/3/2017;451,00
3/3/2017;445,00
6/3/2017;447,00
7/3/2017;442,00
8/3/2017;452,00
9/3/2017;456,00
10/3/2017;451,00
13/3/2017;456,00
14/3/2017;463,00
15/3/2017;452,00
16/3/2017;449,00
17/3/2017;443,00
20/3/2017;444,00
21/3/2017;453,00
22/3/2017;458,00
23/3/2017;456,00
24/3/2017;455,00
27/3/2017;461,00
28/3/2017;457,00
29/3/2017;453,00
30/3/2017;450,00
31/3/2017;452,00
3/4/2017;454,00
4/4/2017;447,00
5/4/2017;439,00
6/4/2017;439,00
7/4/2017;437,00
10/4/2017;436,00
11/4/2017;439,00
12/4/2017;443,00
13/4/2017;442,00
17/4/2017;438,00
18/4/2017;440,00
19/4/2017;433,00
20/4/2017;427,00
21/4/2017;424,00
24/4/2017;414,00
25/4/2017;407,00
26/4/2017;417,00
27/4/2017;417,00
28/4/2017;415,00
1/5/2017;411,00
2/5/2017;405,00
3/5/2017;404,00
4/5/2017;405,00
5/5/2017;407,00
8/5/2017;407,00
9/5/2017;410,00
10/5/2017;403,00
11/5/2017;405,00
12/5/2017;407,00
15/5/2017;400,00
16/5/2017;404,00
17/5/2017;419,00
18/5/2017;431,00
19/5/2017;422,00
22/5/2017;426,00
23/5/2017;420,00
24/5/2017;415,00
25/5/2017;419,00
26/5/2017;418,00
29/5/2017;418,00
30/5/2017;416,00
31/5/2017;407,00
1/6/2017;402,00
2/6/2017;398,00
5/6/2017;397,00
6/6/2017;395,00
7/6/2017;396,00
8/6/2017;395,00
9/6/2017;397,00
12/6/2017;399,00
13/6/2017;396,00
14/6/2017;399,00
15/6/2017;404,00
16/6/2017;407,00
19/6/2017;411,00
20/6/2017;426,00
21/6/2017;431,00
22/6/2017;423,00
23/6/2017;419,00
26/6/2017;414,00
27/6/2017;421,00
28/6/2017;424,00
29/6/2017;435,00
30/6/2017;432,00
3/7/2017;430,00
5/7/2017;436,00
6/7/2017;445,00
7/7/2017;443,00
10/7/2017;435,00
11/7/2017;433,00
12/7/2017;430,00
13/7/2017;429,00
14/7/2017;426,00
17/7/2017;425,00
18/7/2017;435,00
19/7/2017;436,00
20/7/2017;437,00
21/7/2017;440,00
24/7/2017;444,00
25/7/2017;442,00
26/7/2017;436,00
27/7/2017;433,00
28/7/2017;440,00
31/7/2017;439,00
1/8/2017;441,00
2/8/2017;443,00
3/8/2017;446,00
4/8/2017;447,00
7/8/2017;447,00
8/8/2017;440,00
9/8/2017;445,00
10/8/2017;453,00
11/8/2017;444,00
14/8/2017;418,00
15/8/2017;409,00
16/8/2017;406,00
17/8/2017;417,00
18/8/2017;410,00
21/8/2017;412,00
22/8/2017;409,00
23/8/2017;408,00
24/8/2017;403,00
25/8/2017;395,00
28/8/2017;396,00
29/8/2017;395,00
30/8/2017;387,00
31/8/2017;393,00
1/9/2017;388,00
4/9/2017;388,00
5/9/2017;393,00
6/9/2017;393,00
7/9/2017;392,00
8/9/2017;390,00
11/9/2017;385,00
12/9/2017;384,00
13/9/2017;374,00
14/9/2017;375,00
15/9/2017;373,00
18/9/2017;370,00
19/9/2017;371,00
20/9/2017;370,00
21/9/2017;370,00
22/9/2017;368,00
25/9/2017;375,00
26/9/2017;377,00
27/9/2017;379,00
28/9/2017;375,00
29/9/2017;367,00
2/10/2017;367,00
3/10/2017;365,00
4/10/2017;362,00
5/10/2017;359,00
6/10/2017;362,00
9/10/2017;362,00
10/10/2017;363,00
11/10/2017;358,00
12/10/2017;354,00
13/10/2017;348,00
16/10/2017;345,00
17/10/2017;343,00
18/10/2017;342,00
19/10/2017;350,00
20/10/2017;349,00
23/10/2017;342,00
24/10/2017;348,00
25/10/2017;349,00
26/10/2017;361,00
27/10/2017;355,00
30/10/2017;344,00
31/10/2017;361,00
1/11/2017;365,00
2/11/2017;361,00
3/11/2017;368,00
6/11/2017;374,00
7/11/2017;384,00
8/11/2017;383,00
9/11/2017;386,00
10/11/2017;381,00
13/11/2017;380,00
14/11/2017;381,00
15/11/2017;388,00
16/11/2017;373,00
17/11/2017;366,00
20/11/2017;368,00
21/11/2017;363,00
22/11/2017;363,00
23/11/2017;363,00
24/11/2017;363,00
27/11/2017;361,00
28/11/2017;356,00
29/11/2017;358,00
30/11/2017;357,00
1/12/2017;359,00
4/12/2017;355,00
5/12/2017;356,00
6/12/2017;363,00
7/12/2017;365,00
8/12/2017;368,00
11/12/2017;366,00
12/12/2017;364,00
13/12/2017;363,00
14/12/2017;361,00
15/12/2017;361,00
18/12/2017;355,00
19/12/2017;350,00
20/12/2017;346,00
21/12/2017;347,00
22/12/2017;347,00
26/12/2017;348,00
27/12/2017;350,00
28/12/2017;349,00
29/12/2017;351,00
2/1/2018;347,00
3/1/2018;355,00
4/1/2018;356,00
5/1/2018;362,00
8/1/2018;365,00
9/1/2018;361,00
10/1/2018;364,00
11/1/2018;363,00
12/1/2018;364,00
15/1/2018;364,00
16/1/2018;362,00
17/1/2018;360,00
18/1/2018;359,00
19/1/2018;363,00
22/1/2018;365,00
23/1/2018;367,00
24/1/2018;369,00
25/1/2018;373,00
26/1/2018;372,00
29/1/2018;376,00
30/1/2018;379,00
31/1/2018;374,00
1/2/2018;373,00
2/2/2018;376,00
5/2/2018;396,00
6/2/2018;394,00
7/2/2018;383,00
8/2/2018;405,00
9/2/2018;426,00
12/2/2018;413,00
13/2/2018;423,00
14/2/2018;415,00
15/2/2018;397,00
16/2/2018;391,00
20/2/2018;397,00
21/2/2018;393,00
22/2/2018;402,00
23/2/2018;404,00
26/2/2018;397,00
27/2/2018;397,00
28/2/2018;404,00
1/3/2018;417,00
2/3/2018;412,00
5/3/2018;410,00
6/3/2018;408,00
7/3/2018;414,00
8/3/2018;407,00
9/3/2018;388,00
12/3/2018;392,00
13/3/2018;399,00
14/3/2018;403,00
15/3/2018;412,00
16/3/2018;409,00
19/3/2018;420,00
20/3/2018;411,00
21/3/2018;409,00
22/3/2018;419,00
23/3/2018;425,00
26/3/2018;418,00
27/3/2018;420,00
28/3/2018;418,00
29/3/2018;420,00
2/4/2018;425,00
3/4/2018;417,00
4/4/2018;417,00
5/4/2018;408,00
6/4/2018;419,00
9/4/2018;415,00
10/4/2018;408,00
11/4/2018;406,00
12/4/2018;397,00
13/4/2018;398,00
16/4/2018;401,00
17/4/2018;401,00
18/4/2018;398,00
19/4/2018;399,00
20/4/2018;400,00
23/4/2018;401,00
24/4/2018;403,00
25/4/2018;402,00
26/4/2018;418,00
27/4/2018;419,00
30/4/2018;430,00
1/5/2018;431,00
2/5/2018;443,00
3/5/2018;470,00
4/5/2018;454,00
7/5/2018;471,00
8/5/2018;489,00
9/5/2018;491,00
10/5/2018;469,00
11/5/2018;480,00
14/5/2018;500,00
15/5/2018;482,00
16/5/2018;450,00
17/5/2018;453,00
18/5/2018;461,00
21/5/2018;459,00
22/5/2018;456,00
23/5/2018;454,00
24/5/2018;456,00
25/5/2018;463,00
28/5/2018;463,00
29/5/2018;499,00
30/5/2018;504,00
31/5/2018;524,00
1/6/2018;515,00
4/6/2018;483,00
5/6/2018;475,00
6/6/2018;468,00
7/6/2018;481,00
8/6/2018;476,00
11/6/2018;487,00
12/6/2018;503,00
13/6/2018;507,00
14/6/2018;539,00
15/6/2018;551,00
18/6/2018;566,00
19/6/2018;564,00
20/6/2018;557,00
21/6/2018;545,00
22/6/2018;535,00
25/6/2018;548,00
26/6/2018;559,00
27/6/2018;586,00
28/6/2018;595,00
29/6/2018;610,00
2/7/2018;607,00
3/7/2018;590,00
4/7/2018;590,00
5/7/2018;581,00
6/7/2018;567,00
9/7/2018;566,00
10/7/2018;569,00
11/7/2018;580,00
12/7/2018;575,00
13/7/2018;571,00
16/7/2018;577,00
17/7/2018;585,00
18/7/2018;578,00
19/7/2018;585,00
20/7/2018;575,00
23/7/2018;575,00
24/7/2018;578,00
25/7/2018;576,00
26/7/2018;556,00
27/7/2018;551,00
30/7/2018;552,00
31/7/2018;558,00
1/8/2018;562,00
2/8/2018;571,00
3/8/2018;571,00
6/8/2018;583,00
7/8/2018;593,00
8/8/2018;610,00
9/8/2018;634,00
10/8/2018;700,00
13/8/2018;748,00
14/8/2018;696,00
15/8/2018;699,00
16/8/2018;663,00
17/8/2018;671,00
20/8/2018;685,00
21/8/2018;686,00
22/8/2018;690,00
23/8/2018;696,00
24/8/2018;700,00
27/8/2018;688,00
28/8/2018;689,00
29/8/2018;728,00
30/8/2018;776,00
31/8/2018;771,00
3/9/2018;771,00
4/9/2018;783,00
5/9/2018;744,00
6/9/2018;729,00
7/9/2018;725,00
10/9/2018;745,00
11/9/2018;741,00
12/9/2018;699,00
13/9/2018;695,00
14/9/2018;661,00
17/9/2018;649,00
18/9/2018;656,00
19/9/2018;622,00
20/9/2018;601,00
21/9/2018;588,00
24/9/2018;612,00
25/9/2018;603,00
26/9/2018;614,00
27/9/2018;593,00
28/9/2018;623,00
1/10/2018;629,00
2/10/2018;632,00
3/10/2018;626,00
4/10/2018;656,00
5/10/2018;669,00
8/10/2018;669,00
9/10/2018;661,00
10/10/2018;681,00
11/10/2018;686,00
12/10/2018;657,00
15/10/2018;635,00
16/10/2018;636,00
17/10/2018;655,00
18/10/2018;663,00
19/10/2018;661,00
22/10/2018;665,00
23/10/2018;665,00
24/10/2018;676,00
25/10/2018;667,00
26/10/2018;670,00
29/10/2018;672,00
30/10/2018;665,00
31/10/2018;652,00
1/11/2018;635,00
2/11/2018;609,00
5/11/2018;604,00
6/11/2018;600,00
7/11/2018;597,00
8/11/2018;607,00
9/11/2018;617,00
12/11/2018;617,00
13/11/2018;637,00
14/11/2018;642,00
15/11/2018;649,00
16/11/2018;656,00
19/11/2018;666,00
20/11/2018;693,00
21/11/2018;686,00
22/11/2018;686,00
23/11/2018;688,00
26/11/2018;695,00
27/11/2018;714,00
28/11/2018;705,00
29/11/2018;709,00
30/11/2018;706,00
3/12/2018;698,00
4/12/2018;724,00
5/12/2018;724,00
6/12/2018;729,00
7/12/2018;729,00
10/12/2018;752,00
11/12/2018;757,00
12/12/2018;741,00
13/12/2018;746,00
14/12/2018;763,00
17/12/2018;775,00
18/12/2018;781,00
19/12/2018;787,00
20/12/2018;802,00
21/12/2018;815,00
24/12/2018;821,00
26/12/2018;820,00
27/12/2018;829,00
28/12/2018;813,00
31/12/2018;817,00
2/1/2019;791,00
3/1/2019;768,00
4/1/2019;730,00
7/1/2019;713,00
8/1/2019;727,00
9/1/2019;708,00
10/1/2019;706,00
11/1/2019;703,00
14/1/2019;697,00
15/1/2019;695,00
16/1/2019;689,00
17/1/2019;690,00
18/1/2019;672,00
21/1/2019;672,00
22/1/2019;689,00
23/1/2019;670,00
24/1/2019;663,00
25/1/2019;663,00
28/1/2019;685,00
29/1/2019;696,00
30/1/2019;689,00
31/1/2019;676,00
1/2/2019;654,00
4/2/2019;648,00
5/2/2019;635,00
6/2/2019;652,00
7/2/2019;667,00
8/2/2019;675,00
11/2/2019;683,00
12/2/2019;670,00
13/2/2019;665,00
14/2/2019;674,00
15/2/2019;690,00
18/2/2019;690,00
19/2/2019;703,00
20/2/2019;715,00
21/2/2019;711,00
22/2/2019;699,00
25/2/2019;692,00
26/2/2019;691,00
27/2/2019;686,00
28/2/2019;697,00
1/3/2019;718,00
4/3/2019;733,00
5/3/2019;744,00
6/3/2019;747,00
7/3/2019;777,00
8/3/2019;764,00
11/3/2019;738,00
12/3/2019;741,00
13/3/2019;748,00
14/3/2019;737,00
15/3/2019;724,00
18/3/2019;725,00
19/3/2019;724,00
20/3/2019;723,00
21/3/2019;731,00
22/3/2019;764,00
25/3/2019;768,00
26/3/2019;768,00
27/3/2019;781,00
28/3/2019;787,00
29/3/2019;774,00
1/4/2019;761,00
2/4/2019;764,00
3/4/2019;753,00
4/4/2019;767,00
5/4/2019;782,00
8/4/2019;803,00
9/4/2019;815,00
10/4/2019;816,00
11/4/2019;814,00
12/4/2019;808,00
15/4/2019;808,00
16/4/2019;801,00
17/4/2019;825,00
18/4/2019;851,00
22/4/2019;845,00
23/4/2019;860,00
24/4/2019;950,00
25/4/2019;939,00
26/4/2019;963,00
29/4/2019;939,00
30/4/2019;950,00
1/5/2019;960,00
2/5/2019;964,00
3/5/2019;931,00
6/5/2019;916,00
7/5/2019;917,00
8/5/2019;901,00
9/5/2019;903,00
10/5/2019;898,00
13/5/2019;931,00
14/5/2019;921,00
15/5/2019;913,00
16/5/2019;918,00
17/5/2019;943,00
20/5/2019;934,00
21/5/2019;885,00
22/5/2019;909,00
23/5/2019;919,00
24/5/2019;903,00
27/5/2019;903,00
28/5/2019;920,00
29/5/2019;934,00
30/5/2019;942,00
31/5/2019;985,00
3/6/2019;1008,00
4/6/2019;969,00
5/6/2019;967,00
6/6/2019;952,00
7/6/2019;947,00
10/6/2019;932,00
11/6/2019;904,00
12/6/2019;849,00
13/6/2019;844,00
14/6/2019;845,00
17/6/2019;850,00
18/6/2019;833,00
19/6/2019;826,00
20/6/2019;822,00
21/6/2019;821,00
24/6/2019;849,00
25/6/2019;875,00
26/6/2019;871,00
27/6/2019;856,00
28/6/2019;835,00
1/7/2019;813,00
2/7/2019;803,00
3/7/2019;795,00
4/7/2019;795,00
5/7/2019;787,00
8/7/2019;801,00
9/7/2019;786,00
10/7/2019;786,00
11/7/2019;787,00
12/7/2019;778,00
15/7/2019;771,00
16/7/2019;773,00
17/7/2019;781,00
18/7/2019;790,00
19/7/2019;783,00
22/7/2019;782,00
23/7/2019;780,00
24/7/2019;810,00
25/7/2019;826,00
26/7/2019;792,00
29/7/2019;785,00
30/7/2019;783,00
31/7/2019;781,00
1/8/2019;815,00
2/8/2019;829,00
5/8/2019;902,00
6/8/2019;896,00
7/8/2019;897,00
8/8/2019;895,00
9/8/2019;872,00
12/8/2019;1467,00
13/8/2019;1741,00
14/8/2019;1957,00
15/8/2019;1738,00
16/8/2019;1653,00
19/8/2019;1879,00
20/8/2019;1866,00
21/8/2019;1814,00
22/8/2019;1795,00
23/8/2019;1807,00
26/8/2019;1815,00
27/8/2019;1990,00
28/8/2019;2072,00
29/8/2019;2272,00
30/8/2019;2532,00
2/9/2019;2532,00
3/9/2019;2523,00
4/9/2019;2336,00
5/9/2019;2188,00
6/9/2019;2031,00
9/9/2019;2053,00
10/9/2019;2109,00
11/9/2019;2061,00
12/9/2019;2093,00
13/9/2019;2167,00
16/9/2019;2232,00
17/9/2019;2152,00
18/9/2019;2084,00
19/9/2019;2115,00
20/9/2019;2100,00
23/9/2019;2163,00
24/9/2019;2223,00
25/9/2019;2212,00
26/9/2019;2232,00
27/9/2019;2172,00
30/9/2019;2143,00
1/10/2019;2156,00
2/10/2019;2181,00
3/10/2019;2190,00
4/10/2019;2169,00
7/10/2019;2110,00
8/10/2019;2094,00
9/10/2019;2049,00
10/10/2019;1890,00
11/10/2019;1894,00
14/10/2019;1894,00
15/10/2019;1931,00
16/10/2019;2004,00
17/10/2019;1995,00
18/10/2019;2048,00
21/10/2019;2122,00
22/10/2019;2169,00
23/10/2019;2154,00
24/10/2019;2088,00
25/10/2019;2146,00
28/10/2019;2262,00
29/10/2019;2206,00
30/10/2019;2238,00
31/10/2019;2278,00
1/11/2019;2275,00
4/11/2019;2270,00
5/11/2019;2282,00
6/11/2019;2331,00
7/11/2019;2342,00
8/11/2019;2413,00
11/11/2019;2413,00
12/11/2019;2493,00
13/11/2019;2496,00
14/11/2019;2430,00
15/11/2019;2442,00
18/11/2019;2455,00
19/11/2019;2366,00
20/11/2019;2262,00
21/11/2019;2208,00
22/11/2019;2236,00
25/11/2019;2289,00
26/11/2019;2272,00
27/11/2019;2264,00
28/11/2019;2264,00
29/11/2019;2262,00
2/12/2019;2376,00
3/12/2019;2400,00
4/12/2019;2340,00
5/12/2019;2358,00
6/12/2019;2317,00
9/12/2019;2180,00
10/12/2019;2165,00
11/12/2019;2141,00
12/12/2019;2083,00
13/12/2019;2103,00
16/12/2019;2114,00
17/12/2019;1968,00
18/12/2019;1888,00
19/12/2019;1929,00
20/12/2019;1902,00
23/12/2019;1851,00
24/12/2019;1831,00
26/12/2019;1779,00
27/12/2019;1738,00
30/12/2019;1748,00
31/12/2019;1744,00
2/1/2020;1824,00
3/1/2020;1938,00
6/1/2020;1930,00
7/1/2020;1898,00
8/1/2020;1887,00
9/1/2020;1847,00
10/1/2020;1820,00
13/1/2020;1819,00
14/1/2020;1847,00
15/1/2020;1806,00
16/1/2020;1802,00
17/1/2020;1830,00
20/1/2020;1830,00
21/1/2020;1920,00
22/1/2020;1967,00
23/1/2020;1995,00
24/1/2020;2070,00
27/1/2020;2150,00
28/1/2020;2098,00
29/1/2020;2029,00
30/1/2020;2035,00
31/1/2020;2068,00
4/2/2020;1904,00
5/2/2020;1884,00
6/2/2020;1901,00
7/2/2020;1864,00
10/2/2020;1882,00
11/2/2020;1981,00
12/2/2020;1951,00
13/2/2020;2037,00
14/2/2020;2014,00
17/2/2020;2014,00
18/2/2020;2053,00
19/2/2020;2035,00
20/2/2020;2092,00
21/2/2020;2046,00
24/2/2020;2059,00
25/2/2020;2071,00
26/2/2020;2082,00
27/2/2020;2186,00
28/2/2020;2283,00
2/3/2020;2244,00
3/3/2020;2214,00
4/3/2020;2186,00
5/3/2020;2330,00
6/3/2020;2426,00
9/3/2020;2783,00
10/3/2020;2812,00
11/3/2020;2948,00
12/3/2020;3124,00
13/3/2020;3064,00
16/3/2020;3467,00
17/3/2020;3546,00
18/3/2020;3969,00
19/3/2020;4050,00
20/3/2020;4015,00
23/3/2020;4362,00
24/3/2020;4269,00
25/3/2020;4246,00
26/3/2020;4143,00
27/3/2020;4185,00
30/3/2020;4082,00
31/3/2020;3803,00
1/4/2020;3943,00
2/4/2020;3828,00
3/4/2020;3683,00
6/4/2020;3588,00
7/4/2020;3652,00
8/4/2020;3842,00
9/4/2020;3798,00
13/4/2020;3864,00
14/4/2020;3856,00
15/4/2020;3994,00
16/4/2020;3987,00
17/4/2020;3496,00
20/4/2020;3429,00
21/4/2020;3617,00
22/4/2020;3789,00
23/4/2020;3994,00
24/4/2020;4037,00
27/4/2020;4009,00
28/4/2020;3989,00
29/4/2020;3999,00
30/4/2020;3472,00
1/5/2020;3520,00
4/5/2020;3614,00
5/5/2020;3455,00
6/5/2020;3374,00
7/5/2020;3335,00
8/5/2020;3322,00
11/5/2020;3111,00
12/5/2020;3005,00
13/5/2020;3036,00
14/5/2020;3040,00
15/5/2020;2837,00
18/5/2020;2690,00
19/5/2020;2751,00
20/5/2020;2782,00
21/5/2020;2784,00
22/5/2020;2779,00
25/5/2020;2779,00
26/5/2020;2631,00
27/5/2020;2664,00
28/5/2020;2728,00
29/5/2020;2627,00
1/6/2020;2615,00
2/6/2020;2576,00
3/6/2020;2481,00
4/6/2020;2534,00
5/6/2020;2555,00
8/6/2020;2478,00
9/6/2020;2600,00
10/6/2020;2535,00
11/6/2020;2609,00
12/6/2020;2578,00
15/6/2020;2605,00
16/6/2020;2524,00
17/6/2020;2541,00
18/6/2020;2603,00
19/6/2020;2541,00
22/6/2020;2487,00
23/6/2020;2461,00
24/6/2020;2514,00
25/6/2020;2527,00
26/6/2020;2533,00
29/6/2020;2470,00
30/6/2020;2495,00
1/7/2020;2497,00
2/7/2020;2509,00
3/7/2020;2509,00
6/7/2020;2378,00
7/7/2020;2343,00
8/7/2020;2293,00
9/7/2020;2337,00
10/7/2020;2299,00
13/7/2020;2308,00
14/7/2020;2366,00
15/7/2020;2341,00
16/7/2020;2343,00
17/7/2020;2359,00
20/7/2020;2381,00
21/7/2020;2356,00
22/7/2020;2278,00
23/7/2020;2221,00
24/7/2020;2210,00
27/7/2020;2211,00
28/7/2020;2242,00
29/7/2020;2280,00
30/7/2020;2278,00
31/7/2020;2263,00
3/8/2020;2119,00
4/8/2020;2111,00
5/8/2020;2027,00
6/8/2020;2056,00
7/8/2020;2091,00
10/8/2020;2084,00
11/8/2020;2083,00
12/8/2020;2099,00
13/8/2020;2101,00
14/8/2020;2112,00
17/8/2020;2131,00
18/8/2020;2139,00
19/8/2020;2142,00
20/8/2020;2158,00
21/8/2020;2153,00
24/8/2020;2140,00
25/8/2020;2137,00
26/8/2020;2146,00
27/8/2020;2149,00
28/8/2020;2142,00
31/8/2020;2147,00
1/9/2020;2127,00
2/9/2020;2123,00
3/9/2020;2128,00
4/9/2020;2117,00
7/9/2020;2117,00
8/9/2020;2120,00
9/9/2020;2120,00
10/9/2020;1101,00
11/9/2020;1108,00
14/9/2020;1120,00
15/9/2020;1119,00
16/9/2020;1181,00
17/9/2020;1237,00
18/9/2020;1259,00
21/9/2020;1338,00
22/9/2020;1353,00
23/9/2020;1390,00
24/9/2020;1359,00
25/9/2020;1332,00
28/9/2020;1340,00
29/9/2020;1333,00
30/9/2020;1300,00
1/10/2020;1339,00
2/10/2020;1353,00
5/10/2020;1350,00
6/10/2020;1373,00
7/10/2020;1374,00
8/10/2020;1366,00
9/10/2020;1343,00
12/10/2020;1343,00
13/10/2020;1368,00
14/10/2020;1404,00
15/10/2020;1406,00
16/10/2020;1397,00
19/10/2020;1431,00
20/10/2020;1434,00
21/10/2020;1445,00
22/10/2020;1440,00
23/10/2020;1425,00
26/10/2020;1445,00
27/10/2020;1460,00
28/10/2020;1481,00
29/10/2020;1480,00
30/10/2020;1482,00
2/11/2020;1464,00
3/11/2020;1435,00
4/11/2020;1430,00
5/11/2020;1402,00
6/11/2020;1391,00
9/11/2020;1353,00
10/11/2020;1352,00
11/11/2020;1352,00
12/11/2020;1342,00
13/11/2020;1331,00
16/11/2020;1323,00
17/11/2020;1350,00
18/11/2020;1357,00
19/11/2020;1370,00
20/11/2020;1378,00
23/11/2020;1375,00
24/11/2020;1369,00
25/11/2020;1376,00
26/11/2020;1376,00
27/11/2020;1376,00
30/11/2020;1410,00
1/12/2020;1405,00
2/12/2020;1411,00
3/12/2020;1426,00
4/12/2020;1427,00
7/12/2020;1456,00
8/12/2020;1452,00
9/12/2020;1434,00
10/12/2020;1418,00
11/12/2020;1394,00
14/12/2020;1369,00
15/12/2020;1387,00
16/12/2020;1382,00
17/12/2020;1380,00
18/12/2020;1365,00
21/12/2020;1362,00
22/12/2020;1363,00
23/12/2020;1358,00
24/12/2020;1356,00
28/12/2020;1362,00
29/12/2020;1368,00
30/12/2020;1373,00
31/12/2020;1368,00
4/1/2021;1400,00
5/1/2021;1412,00
6/1/2021;1374,00
7/1/2021;1374,00
8/1/2021;1384,00
11/1/2021;1395,00
12/1/2021;1415,00
13/1/2021;1449,00
14/1/2021;1460,00
15/1/2021;1451,00
18/1/2021;1451,00
19/1/2021;1429,00
20/1/2021;1419,00
21/1/2021;1440,00
22/1/2021;1422,00
25/1/2021;1433,00
26/1/2021;1430,00
27/1/2021;1444,00
28/1/2021;1444,00
29/1/2021;1445,00
1/2/2021;1438,00
2/2/2021;1440,00
3/2/2021;1455,00
4/2/2021;1455,00
5/2/2021;1445,00
8/2/2021;1434,00
9/2/2021;1448,00
10/2/2021;1456,00
11/2/2021;1463,00
12/2/2021;1456,00
16/2/2021;1497,00
17/2/2021;1473,00
18/2/2021;1482,00
19/2/2021;1488,00
22/2/2021;1509,00
22/2/2021;1501,00
23/2/2021;1514,00
24/2/2021;1505,00
25/2/2021;1499,00
26/2/2021;1511,00
1/3/2021;1512,00
2/3/2021;1543,00
3/3/2021;1547,00
4/3/2021;1552,00
5/3/2021;1590,00
8/3/2021;1598,00
9/3/2021;1639,00
10/3/2021;1647,00
11/3/2021;1630,00
12/3/2021;1594,00
15/3/2021;1570,00
16/3/2021;1551,00
17/3/2021;1533,00
18/3/2021;1536,00
19/3/2021;1517,00
22/3/2021;1512,00
23/3/2021;1522,00
24/3/2021;1573,00
25/3/2021;1566,00
26/3/2021;1572,00
29/3/2021;1576,00
30/3/2021;1599,00
31/3/2021;1589,00
1/4/2021;1589,00
5/4/2021;1592,00
6/4/2021;1598,00
7/4/2021;1606,00
8/4/2021;1608,00
9/4/2021;1614,00
12/4/2021;1586,00
13/4/2021;1592,00
14/4/2021;1578,00
15/4/2021;1605,00
16/4/2021;1601,00
19/4/2021;1590,00
20/4/2021;1594,00
21/4/2021;1597,00
22/4/2021;1581,00
23/4/2021;1578,00
26/4/2021;1559,00
27/4/2021;1539,00
28/4/2021;1545,00
29/4/2021;1557,00
30/4/2021;1551,00
3/5/2021;1562,00
4/5/2021;1560,00
5/5/2021;1567,00
6/5/2021;1578,00
7/5/2021;1580,00
10/5/2021;1591,00
11/5/2021;1607,00
12/5/2021;1596,00
13/5/2021;1592,00
14/5/2021;1547,00
17/5/2021;1513,00
18/5/2021;1504,00
19/5/2021;1518,00
20/5/2021;1519,00
21/5/2021;1537,00
24/5/2021;1532,00
25/5/2021;1528,00
26/5/2021;1514,00
27/5/2021;1506,00
28/5/2021;1508,00
31/5/2021;1508,00
1/6/2021;1498,00
2/6/2021;1480,00
3/6/2021;1498,00
4/6/2021;1506,00
7/6/2021;1507,00
8/6/2021;1492,00
9/6/2021;1470,00
10/6/2021;1474,00
11/6/2021;1466,00
14/6/2021;1476,00
15/6/2021;1483,00
16/6/2021;1473,00
17/6/2021;1496,00
18/6/2021;1501,00
21/6/2021;1522,00
22/6/2021;1536,00
23/6/2021;1532,00
24/6/2021;1556,00
25/6/2021;1573,00
28/6/2021;1587,00
29/6/2021;1592,00
30/6/2021;1596,00
1/7/2021;1585,00
2/7/2021;1590,00
5/7/2021;1590,00
6/7/2021;1607,00
7/7/2021;1602,00
8/7/2021;1611,00
9/7/2021;1600,00
12/7/2021;1599,00
13/7/2021;1589,00
14/7/2021;1582,00
15/7/2021;1595,00
16/7/2021;1595,00
19/7/2021;1621,00
20/7/2021;1606,00
21/7/2021;1597,00
22/7/2021;1597,00
23/7/2021;1581,00
26/7/2021;1587,00
27/7/2021;1601,00
28/7/2021;1600,00
29/7/2021;1593,00
30/7/2021;1591,00
2/8/2021;1595,00
3/8/2021;1595,00
4/8/2021;1589,00
5/8/2021;1580,00
6/8/2021;1573,00
9/8/2021;1579,00
10/8/2021;1564,00
11/8/2021;1565,00
12/8/2021;1538,00
13/8/2021;1566,00
16/8/2021;1589,00
17/8/2021;1589,00
18/8/2021;1589,00
19/8/2021;1604,00
20/8/2021;1598,00
23/8/2021;1572,00
24/8/2021;1547,00
25/8/2021;1538,00
26/8/2021;1542,00
27/8/2021;1538,00
30/8/2021;1509,00
31/8/2021;1513,00
1/9/2021;1493,00
2/9/2021;1482,00
3/9/2021;1487,00
6/9/2021;1487,00
7/9/2021;1477,00
8/9/2021;1504,00
9/9/2021;1528,00
10/9/2021;1538,00
13/9/2021;1483,00
14/9/2021;1501,00
15/9/2021;1490,00
16/9/2021;1496,00
17/9/2021;1512,00
20/9/2021;1576,00
21/9/2021;1597,00
22/9/2021;1612,00
23/9/2021;1598,00
24/9/2021;1619,00
27/9/2021;1631,00
28/9/2021;1597,00
29/9/2021;1589,00
30/9/2021;1607,00
1/10/2021;1611,00
4/10/2021;1613,00
5/10/2021;1592,00
6/10/2021;1588,00
7/10/2021;1582,00
8/10/2021;1602,00
11/10/2021;1602,00
12/10/2021;1617,00
13/10/2021;1625,00
14/10/2021;1629,00
15/10/2021;1629,00
18/10/2021;1644,00
19/10/2021;1639,00
20/10/2021;1638,00
21/10/2021;1653,00
22/10/2021;1672,00
25/10/2021;1667,00
26/10/2021;1664,00
27/10/2021;1669,00
28/10/2021;1694,00
29/10/2021;1712,00
1/11/2021;1728,00
2/11/2021;1741,00
3/11/2021;1737,00
4/11/2021;1746,00
5/11/2021;1726,00
8/11/2021;1716,00
9/11/2021;1731,00
10/11/2021;1744,00
11/11/2021;1744,00
12/11/2021;1734,00
15/11/2021;1684,00
16/11/2021;1707,00
17/11/2021;1724,00
18/11/2021;1741,00
19/11/2021;1750,00
22/11/2021;1780,00
23/11/2021;1798,00
24/11/2021;1821,00
25/11/2021;1821,00
26/11/2021;1872,00
29/11/2021;1878,00
30/11/2021;1914,00
1/12/2021;1827,00
2/12/2021;1816,00
3/12/2021;1779,00
6/12/2021;1747,00
7/12/2021;1698,00
8/12/2021;1693,00
9/12/2021;1684,00
10/12/2021;1712,00
13/12/2021;1717,00
14/12/2021;1697,00
15/12/2021;1686,00
16/12/2021;1704,00
17/12/2021;1717,00
20/12/2021;1748,00
21/12/2021;1743,00
22/12/2021;1754,00
23/12/2021;1762,00
24/12/2021;1762,00
27/12/2021;1743,00
28/12/2021;1718,00
29/12/2021;1702,00
30/12/2021;1703,00
31/12/2021;1688,00
3/1/2022;1701,00
4/1/2022;1731,00
5/1/2022;1753,00
6/1/2022;1788,00
7/1/2022;1802,00
10/1/2022;1821,00
11/1/2022;1820,00
12/1/2022;1835,00
13/1/2022;1864,00
14/1/2022;1882,00
17/1/2022;1882,00
18/1/2022;1890,00
19/1/2022;1880,00
20/1/2022;1907,00
21/1/2022;1916,00
24/1/2022;1961,00
25/1/2022;1928,00
26/1/2022;1896,00
27/1/2022;1904,00
28/1/2022;1756,00
31/1/2022;1723,00
1/2/2022;1740,00
2/2/2022;1726,00
3/2/2022;1758,00
4/2/2022;1780,00
7/2/2022;1784,00
8/2/2022;1770,00
9/2/2022;1767,00
10/2/2022;1776,00
11/2/2022;1814,00
14/2/2022;1800,00
15/2/2022;1762,00
16/2/2022;1738,00
17/2/2022;1759,00
18/2/2022;1709,00
22/2/2022;1725,00
23/2/2022;1739,00
24/2/2022;1766,00
25/2/2022;1795,00
28/2/2022;1816,00
1/3/2022;1842,00
2/3/2022;1850,00
3/3/2022;1860,00
4/3/2022;1927,00
7/3/2022;1971,00
8/3/2022;1979,00
9/3/2022;1874,00
10/3/2022;1825,00
11/3/2022;1816,00
14/3/2022;1807,00
15/3/2022;1815,00
16/3/2022;1780,00
17/3/2022;1769,00
18/3/2022;1789,00
21/3/2022;1791,00
22/3/2022;1787,00
23/3/2022;1837,00
24/3/2022;1817,00
25/3/2022;1785,00
28/3/2022;1744,00
29/3/2022;1727,00
30/3/2022;1729,00
31/3/2022;1718,00
1/4/2022;1714,00
4/4/2022;1692,00
5/4/2022;1710,00
6/4/2022;1710,00
7/4/2022;1702,00
8/4/2022;1711,00
11/4/2022;1723,00
12/4/2022;1735,00
13/4/2022;1710,00
14/4/2022;1689,00
18/4/2022;1679,00
19/4/2022;1689,00
20/4/2022;1701,00
21/4/2022;1730,00
22/4/2022;1776,00
25/4/2022;1754,00
26/4/2022;1782,00
27/4/2022;1768,00
28/4/2022;1789,00
29/4/2022;1801,00
2/5/2022;1817,00
3/5/2022;1786,00
4/5/2022;1763,00
5/5/2022;1788,00
6/5/2022;1808,00
9/5/2022;1849,00
10/5/2022;1854,00
11/5/2022;1840,00
12/5/2022;1887,00
13/5/2022;1895,00
16/5/2022;1927,00
17/5/2022;1930,00
18/5/2022;1951,00
19/5/2022;1944,00
20/5/2022;1951,00
23/5/2022;1916,00
24/5/2022;1934,00
25/5/2022;1917,00
26/5/2022;1928,00
27/5/2022;1916,00
30/5/2022;1916,00
31/5/2022;1918,00
1/6/2022;1914,00
2/6/2022;1897,00
3/6/2022;1894,00
6/6/2022;1908,00
7/6/2022;1930,00
8/6/2022;1970,00
9/6/2022;2045,00
10/6/2022;2043,00
13/6/2022;2124,00
14/6/2022;2125,00
15/6/2022;2111,00
16/6/2022;2199,00
17/6/2022;2213,00
20/6/2022;2213,00
21/6/2022;2200,00
22/6/2022;2265,00
23/6/2022;2285,00
24/6/2022;2356,00
27/6/2022;2451,00
28/6/2022;2434,00
29/6/2022;2371,00
30/6/2022;2428,00
1/7/2022;2344,00
4/7/2022;2344,00
5/7/2022;2652,00
6/7/2022;2683,00
7/7/2022;2641,00
8/7/2022;2651,00
11/7/2022;2669,00
12/7/2022;2728,00
13/7/2022;2729,00
14/7/2022;2756,00
15/7/2022;2754,00
18/7/2022;2767,00
19/7/2022;2766,00
20/7/2022;2770,00
21/7/2022;2913,00
22/7/2022;2890,00
25/7/2022;2905,00
26/7/2022;2831,00
27/7/2022;2672,00
28/7/2022;2519,00
29/7/2022;2398,00
1/8/2022;2403,00
2/8/2022;2419,00
3/8/2022;2444,00
4/8/2022;2458,00
5/8/2022;2436,00
8/8/2022;2371,00
9/8/2022;2468,00
10/8/2022;2476,00
11/8/2022;2442,00
12/8/2022;2467,00
15/8/2022;2417,00
16/8/2022;2395,00
17/8/2022;2422,00
18/8/2022;2441,00
19/8/2022;2456,00
22/8/2022;2438,00
23/8/2022;2386,00
24/8/2022;2336,00
25/8/2022;2320,00
26/8/2022;2394,00
29/8/2022;2420,00
30/8/2022;2407,00
31/8/2022;2385,00
1/9/2022;2396,00
2/9/2022;2427,00
5/9/2022;2427,00
6/9/2022;2355,00
7/9/2022;2350,00
8/9/2022;2336,00
9/9/2022;2318,00
12/9/2022;2304,00
13/9/2022;2317,00
14/9/2022;2329,00
15/9/2022;2334,00
16/9/2022;2382,00
19/9/2022;2380,00
22/9/2022;2439,00
23/9/2022;2523,00
26/9/2022;2590,00
27/9/2022;2691,00
28/9/2022;2640,00
29/9/2022;2754,00
29/9/2022;2754,00
30/9/2022;2812,00
3/10/2022;2708,00
4/10/2022;2683,00
5/10/2022;2712,00
6/10/2022;2768,00
11/10/2022;2826,00
12/10/2022;2824,00
13/10/2022;2821,00
14/10/2022;2800,00
17/10/2022;2827,00
18/10/2022;2823,00
19/10/2022;2813,00
20/10/2022;2743,00
21/10/2022;2646,00
24/10/2022;2519,00
25/10/2022;2494,00
26/10/2022;2564,00
27/10/2022;2589,00
28/10/2022;2590,00
31/10/2022;2625,00
1/11/2022;2568,00
2/11/2022;2567,00
3/11/2022;2589,00
4/11/2022;2566,00
7/11/2022;2543,00
8/11/2022;2483,00
9/11/2022;2536,00
10/11/2022;2481,00
11/11/2022;2484,00
14/11/2022;2427,00
15/11/2022;2385,00
16/11/2022;2346,00
17/11/2022;2383,00
21/11/2022;2427,00
22/11/2022;2425,00
23/11/2022;2409,00
24/11/2022;2406,00
25/11/2022;2370,00
28/11/2022;2384,00
29/11/2022;2319,00
30/11/2022;2248,00
1/12/2022;2207,00
2/12/2022;2245,00
5/12/2022;2297,00
6/12/2022;2386,00
7/12/2022;2326,00
8/12/2022;2317,00
9/12/2022;2343,00
12/12/2022;2271,00
13/12/2022;2230,00
14/12/2022;2242,00
15/12/2022;2221,00
16/12/2022;2175,00
19/12/2022;2159,00
20/12/2022;2113,00
21/12/2022;2080,00
22/12/2022;2097,00
23/12/2022;2183,00
26/12/2022;2183,00
27/12/2022;2154,00
28/12/2022;2154,00
29/12/2022;2160,00
30/12/2022;2213,00
2/1/2023;2213,00
3/1/2023;2153,00
4/1/2023;2089,00
5/1/2023;2118,00
6/1/2023;2094,00
9/1/2023;2079,00
10/1/2023;2059,00
11/1/2023;1996,00
12/1/2023;1994,00
13/1/2023;1980,00
16/1/2023;1980,00
17/1/2023;1881,00
18/1/2023;1807,00
19/1/2023;1938,00
20/1/2023;1876,00
23/1/2023;1843,00
24/1/2023;1825,00
25/1/2023;1834,00
26/1/2023;1837,00
27/1/2023;1826,00
30/1/2023;1806,00
31/1/2023;1817,00
1/2/2023;1820,00
2/2/2023;1795,00
3/2/2023;1845,00
6/2/2023;1912,00
7/2/2023;1907,00
8/2/2023;1912,00
9/2/2023;1928,00
10/2/2023;1962,00
13/2/2023;1966,00
14/2/2023;1968,00
15/2/2023;1997,00
16/2/2023;2056,00
17/2/2023;2123,00
20/2/2023;2123,00
21/2/2023;2183,00
22/2/2023;2127,00
23/2/2023;1974,00
24/2/2023;1996,00
27/2/2023;1966,00
28/2/2023;1965,00
1/3/2023;2036,00
2/3/2023;2088,00
3/3/2023;2081,00
6/3/2023;2047,00
7/3/2023;2044,00
8/3/2023;2098,00
9/3/2023;2134,00
10/3/2023;2207,00
13/3/2023;2323,00
14/3/2023;2293,00
15/3/2023;2397,00
16/3/2023;2324,00
17/3/2023;2383,00
20/3/2023;2383,00
21/3/2023;2335,00
22/3/2023;2458,00
23/3/2023;2497,00
24/3/2023;2549,00
27/3/2023;2531,00
28/3/2023;2521,00
29/3/2023;2365,00
30/3/2023;2304,00
31/3/2023;2276,00
3/4/2023;2280,00
4/4/2023;2351,00
5/4/2023;2432,00
6/4/2023;2472,00
7/4/2023;2472,00
10/4/2023;2429,00
11/4/2023;2440,00
12/4/2023;2385,00
13/4/2023;2376,00
14/4/2023;2352,00
17/4/2023;2407,00
18/4/2023;2474,00
19/4/2023;2661,00
20/4/2023;2660,00
21/4/2023;2622,00
24/4/2023;2624,00
25/4/2023;2648,00
26/4/2023;2640,00
27/4/2023;2657,00
28/4/2023;2656,00
1/5/2023;2662,00
2/5/2023;2647,00
3/5/2023;2623,00
4/5/2023;2582,00
5/5/2023;2576,00
8/5/2023;2577,00
9/5/2023;2524,00
10/5/2023;2507,00
11/5/2023;2523,00
12/5/2023;2584,00
15/5/2023;2587,00
16/5/2023;2580,00
17/5/2023;2550,00
18/5/2023;2594,00
19/5/2023;2600,00
22/5/2023;2578,00
23/5/2023;2577,00
24/5/2023;2590,00
25/5/2023;2590,00
26/5/2023;2590,00
29/5/2023;2590,00
30/5/2023;2590,00
31/5/2023;2590,00
1/6/2023;2616,00
2/6/2023;2561,00
5/6/2023;2518,00
6/6/2023;2396,00
7/6/2023;2341,00
8/6/2023;2388,00
9/6/2023;2378,00
12/6/2023;2345,00
13/6/2023;2311,00
14/6/2023;2330,00
15/6/2023;2359,00
16/6/2023;2371,00
19/6/2023;2371,00
20/6/2023;2356,00
21/6/2023;2307,00
22/6/2023;2216,00
23/6/2023;2232,00
26/6/2023;2095,00
27/6/2023;2120,00
28/6/2023;2098,00
29/6/2023;2061,00
30/6/2023;2037,00
5/7/2023;1941,00
6/7/2023;2053,00
7/7/2023;2103,00
10/7/2023;2044,00
11/7/2023;1981,00
12/7/2023;2005,00
13/7/2023;2038,00
14/7/2023;2112,00
17/7/2023;2042,00
18/7/2023;2023,00
19/7/2023;2064,00
20/7/2023;2038,00
21/7/2023;2021,00
24/7/2023;1960,00
25/7/2023;1951,00
26/7/2023;1991,00
27/7/2023;2017,00
28/7/2023;1960,00
31/7/2023;1980,00
1/8/2023;1990,00
2/8/2023;2011,00
3/8/2023;2024,00
4/8/2023;2020,00
7/8/2023;2020,00
8/8/2023;2010,00
9/8/2023;1975,00
10/8/2023;1911,00
11/8/2023;1915,00
14/8/2023;1914,00
15/8/2023;2172,00
16/8/2023;2187,00
17/8/2023;2185,00
18/8/2023;2128,00
21/8/2023;2128,00
22/8/2023;2049,00
23/8/2023;2035,00
24/8/2023;2050,00
25/8/2023;2050,00
28/8/2023;2041,00
29/8/2023;2052,00
30/8/2023;2094,00
31/8/2023;2105,00
1/9/2023;2090,00
4/9/2023;2091,00
5/9/2023;2136,00
6/9/2023;2178,00
7/9/2023;2131,00
8/9/2023;2155,00
11/9/2023;2170,00
12/9/2023;2176,00
13/9/2023;2168,00
14/9/2023;2156,00
15/9/2023;2169,00
18/9/2023;2170,00
19/9/2023;2194,00
20/9/2023;2265,00
21/9/2023;2375,00
22/9/2023;2371,00
25/9/2023;2368,00
26/9/2023;2385,00
27/9/2023;2399,00
28/9/2023;2486,00
29/9/2023;2543,00
2/10/2023;2600,00
3/10/2023;2637,00
4/10/2023;2698,00
5/10/2023;2719,00
6/10/2023;2675,00
9/10/2023;2674,00
10/10/2023;2622,00
11/10/2023;2523,00
12/10/2023;2510,00
13/10/2023;2506,00
16/10/2023;2506,00
17/10/2023;2375,00
18/10/2023;2390,00
19/10/2023;2403,00
20/10/2023;2412,00
23/10/2023;2611,00
24/10/2023;2496,00
25/10/2023;2475,00
26/10/2023;2531,00
27/10/2023;2560,00
30/10/2023;2583,00
31/10/2023;2577,00
1/11/2023;2601,00
2/11/2023;2546,00
3/11/2023;2525,00
6/11/2023;2525,00
7/11/2023;2525,00
8/11/2023;2458,00
9/11/2023;2466,00
10/11/2023;2475,00
13/11/2023;2495,00
14/11/2023;2497,00
15/11/2023;2452,00
16/11/2023;2397,00
17/11/2023;2412,00
20/11/2023;2243,00
21/11/2023;2175,00
22/11/2023;2124,00
23/11/2023;2125,00
24/11/2023;1961,00
27/11/2023;2006,00
28/11/2023;2054,00
29/11/2023;2020,00
30/11/2023;1982,00
1/12/2023;1982,00
4/12/2023;1950,00
5/12/2023;1937,00
6/12/2023;1896,00
7/12/2023;1896,00
8/12/2023;1920,00
11/12/2023;1935,00
12/12/2023;1879,00
13/12/2023;1815,00
14/12/2023;1828,00
15/12/2023;1854,00
18/12/2023;1844,00
19/12/2023;1853,00
20/12/2023;1872,00
21/12/2023;1860,00
22/12/2023;1864,00
25/12/2023;1864,00
26/12/2023;1866,00
27/12/2023;1894,00
28/12/2023;1892,00
29/12/2023;1906,00
1/1/2024;1906,00
2/1/2024;1938,00
3/1/2024;1986,00
4/1/2024;2018,00
5/1/2024;1998,00
8/1/2024;2049,00
9/1/2024;2102,00
10/1/2024;1985,00
11/1/2024;1926,00
12/1/2024;1904,00
15/1/2024;1905,00
16/1/2024;1920,00
17/1/2024;1948,00
18/1/2024;1966,00
19/1/2024;1971,00
22/1/2024;1935,00
23/1/2024;1892,00
24/1/2024;1897,00
25/1/2024;1870,00
26/1/2024;1856,00
29/1/2024;1888,00
30/1/2024;1936,00
31/1/2024;1950,00
1/2/2024;1959,00
2/2/2024;1919,00
5/2/2024;1869,00
6/2/2024;1832,00
7/2/2024;1928,00
8/2/2024;1956,00
9/2/2024;1993,00
12/2/2024;1993,00
13/2/2024;2032,00
14/2/2024;1930,00
15/2/2024;1895,00
16/2/2024;1788,00
19/2/2024;1788,00
20/2/2024;1762,00
21/2/2024;1786,00
22/2/2024;1710,00
23/2/2024;1686,00
26/2/2024;1709,00
27/2/2024;1753,00
28/2/2024;1730,00
29/2/2024;1705,00
1/3/2024;1635,00
4/3/2024;1590,00
5/3/2024;1617,00
6/3/2024;1621,00
7/3/2024;1643,00
8/3/2024;1690,00
11/3/2024;1713,00
12/3/2024;1645,00
13/3/2024;1596,00
14/3/2024;1648,00
15/3/2024;1603,00
18/3/2024;1581,00
19/3/2024;1535,00
20/3/2024;1498,00
21/3/2024;1460,00
22/3/2024;1432,00
25/3/2024;1421,00
26/3/2024;1430,00
27/3/2024;1442,00
28/3/2024;1439,00
29/3/2024;1439,00
1/4/2024;1439,00
2/4/2024;1439,00
3/4/2024;1419,00
4/4/2024;1359,00
5/4/2024;1302,00
8/4/2024;1205,00
9/4/2024;1220,00
10/4/2024;1276,00
11/4/2024;1290,00
12/4/2024;1331,00
15/4/2024;1375,00
16/4/2024;1381,00
17/4/2024;1270,00
18/4/2024;1242,00
19/4/2024;1216,00
22/4/2024;1148,00
23/4/2024;1174,00
24/4/2024;1205,00
25/4/2024;1234,00
26/4/2024;1210,00
29/4/2024;1208,00
30/4/2024;1216,00
1/5/2024;1224,00
2/5/2024;1236,00
3/5/2024;1243,00
6/5/2024;1229,00
7/5/2024;1219,00
8/5/2024;1234,00
9/5/2024;1263,00
10/5/2024;1272,00
13/5/2024;1248,00
14/5/2024;1244,00
15/5/2024;1235,00
16/5/2024;1254,00
17/5/2024;1263,00
20/5/2024;1258,00
21/5/2024;1298,00
22/5/2024;1394,00
23/5/2024;1433,00
24/5/2024;1443,00
27/5/2024;1443,00
28/5/2024;1416,00
29/5/2024;1376,00
30/5/2024;1312,00
31/5/2024;1312,00
3/6/2024;1414,00
4/6/2024;1494,00
5/6/2024;1528,00
6/6/2024;1596,00
7/6/2024;1582,00
10/6/2024;1488,00
11/6/2024;1525,00
12/6/2024;1484,00
13/6/2024;1421,00
14/6/2024;1382,00
17/6/2024;1382,00
18/6/2024;1385,00
19/6/2024;1384,00
20/6/2024;1402,00
21/6/2024;1420,00
24/6/2024;1443,00
25/6/2024;1440,00
26/6/2024;1429,00
27/6/2024;1445,00
28/6/2024;1456,00
1/7/2024;1513,00
2/7/2024;1536,00
3/7/2024;1521,00
4/7/2024;1523,00
5/7/2024;1406,00
8/7/2024;1496,00
9/7/2024;1491,00
10/7/2024;1477,00
11/7/2024;1473,00
12/7/2024;1511,00
15/7/2024;1555,00
16/7/2024;1584,00
17/7/2024;1593,00
18/7/2024;1587,00
19/7/2024;1590,00
22/7/2024;1570,00
23/7/2024;1551,00
24/7/2024;1577,00
25/7/2024;1589,00
26/7/2024;1562,00
29/7/2024;1553,00
30/7/2024;1556,00
31/7/2024;1507,00
1/8/2024;1550,00
2/8/2024;1612,00
5/8/2024;1653,00
6/8/2024;1625,00
7/8/2024;1574,00
8/8/2024;1552,00
9/8/2024;1558,00
12/8/2024;1560,00
13/8/2024;1557,00
14/8/2024;1515,00
15/8/2024;1490,00
16/8/2024;1471,00
19/8/2024;1471,00
20/8/2024;1493,00
21/8/2024;1525,00
22/8/2024;1560,00
23/8/2024;1516,00
26/8/2024;1516,00
27/8/2024;1510,00
28/8/2024;1484,00
29/8/2024;1444,00
30/8/2024;1433,00
2/9/2024;1433,00
3/9/2024;1467,00
4/9/2024;1465,00
5/9/2024;1452,00
6/9/2024;1483,00
9/9/2024;1442,00
10/9/2024;1445,00
11/9/2024;1445,00
12/9/2024;1422,00
13/9/2024;1400,00
16/9/2024;1365,00
17/9/2024;1370,00
18/9/2024;1363,00
19/9/2024;1301,00
20/9/2024;1319,00
23/9/2024;1308,00
24/9/2024;1303,00
25/9/2024;1304,00
26/9/2024;1302,00
27/9/2024;1311,00
30/9/2024;1290,00
1/10/2024;1288,00
2/10/2024;1276,00
3/10/2024;1265,00
4/10/2024;1258,00
7/10/2024;1207,00
8/10/2024;1188,00
9/10/2024;1121,00
10/10/2024;1126,00
11/10/2024;1106,00
14/10/2024;1106,00
15/10/2024;1044,00
16/10/2024;1052,00
17/10/2024;1099,00
18/10/2024;1097,00
21/10/2024;1100,00
22/10/2024;1099,00
23/10/2024;1103,00
24/10/2024;1036,00
25/10/2024;967,00
28/10/2024;914,00
29/10/2024;933,00
30/10/2024;956,00
31/10/2024;984,00
1/11/2024;955,00
4/11/2024;955,00
5/11/2024;933,00
6/11/2024;870,00
7/11/2024;859,00
8/11/2024;850,00
11/11/2024;850,00
12/11/2024;819,00
13/11/2024;800,00
14/11/2024;772,00
15/11/2024;769,00
18/11/2024;769,00
19/11/2024;746,00
20/11/2024;720,00
21/11/2024;734,00
22/11/2024;745,00
25/11/2024;748,00
26/11/2024;751,00
27/11/2024;755,00
28/11/2024;752,00
29/11/2024;752,00
2/12/2024;749,00
3/12/2024;754,00
4/12/2024;751,00
5/12/2024;760,00
6/12/2024;769,00
9/12/2024;737,00
10/12/2024;735,00
11/12/2024;719,00
12/12/2024;715,00
13/12/2024;708,00
16/12/2024;677,00
17/12/2024;673,00
18/12/2024;658,00
19/12/2024;663,00
20/12/2024;671,00
23/12/2024;649,00
24/12/2024;649,00
25/12/2024;650,00
26/12/2024;631,00
27/12/2024;627,00
30/12/2024;635,00
31/12/2024;635,00
1/1/2025;635,00
2/1/2025;610,00
3/1/2025;610,00
6/1/2025;569,00
7/1/2025;561,00
8/1/2025;572,00
9/1/2025;560,00
10/1/2025;580,00
13/1/2025;589,00
14/1/2025;579,00
15/1/2025;597,00
16/1/2025;626,00
17/1/2025;644,00
20/1/2025;641,00
21/1/2025;638,00
22/1/2025;640,00
23/1/2025;646,00
24/1/2025;631,00
27/1/2025;642,00
28/1/2025;634,00
29/1/2025;611,00
30/1/2025;614,00
31/1/2025;618,00
3/2/2025;632,00
4/2/2025;640,00
5/2/2025;660,00
6/2/2025;659,00
7/2/2025;660,00
10/2/2025;677,00
11/2/2025;710,00
12/2/2025;673,00
13/2/2025;675,00
14/2/2025;675,00
17/2/2025;675,00
18/2/2025;696,00
19/2/2025;719,00
20/2/2025;719,00
21/2/2025;720,00
24/2/2025;730,00
25/2/2025;748,00
26/2/2025;749,00
27/2/2025;769,00
28/2/2025;780,00
3/3/2025;780,00
4/3/2025;780,00
5/3/2025;717,00
6/3/2025;714,00
7/3/2025;692,00
10/3/2025;723,00
11/3/2025;723,00
12/3/2025;718,00
13/3/2025;748,00
14/3/2025;737,00
17/3/2025;750,00
18/3/2025;787,00
19/3/2025;777,00
20/3/2025;762,00
21/3/2025;769,00
25/3/2025;761,00
26/3/2025;769,00
27/3/2025;759,00
28/3/2025;797,00
31/3/2025;816,00
1/4/2025;823,00
2/4/2025;823,00
3/4/2025;872,00
4/4/2025;925,00
7/4/2025;960,00
8/4/2025;978,00
9/4/2025;889,00
10/4/2025;899,00
11/4/2025;874,00
14/4/2025;896,00
15/4/2025;725,00
16/4/2025;745,00
17/4/2025;745,00
18/4/2025;726,00
21/4/2025;720,00
22/4/2025;720,00
23/4/2025;720,00
24/4/2025;713,00
25/4/2025;692,00
28/4/2025;710,00
29/4/2025;701,00
30/4/2025;726,00
1/5/2025;735,00
2/5/2025;741,00
5/5/2025;741,00
6/5/2025;741,00
7/5/2025;766,00
8/5/2025;678,00
9/5/2025;678,00
12/5/2025;650,00
13/5/2025;651,00
14/5/2025;648,00
15/5/2025;676,00
16/5/2025;676,00
19/5/2025;675,00
20/5/2025;663,00
21/5/2025;661,00
22/5/2025;665,00
23/5/2025;665,00
26/5/2025;666,00
27/5/2025;666,00
28/5/2025;655,00
29/5/2025;663,00
3/6/2025;668,00
4/6/2025;688,00
5/6/2025;688,00
6/6/2025;691,00
9/6/2025;686,00
10/6/2025;655,00
11/6/2025;668,00
12/6/2025;678,00
13/6/2025;688,00
16/6/2025;687,00
17/6/2025;714,00
18/6/2025;726,00
23/6/2025;719,00
24/6/2025;681,00
25/6/2025;687,00
26/6/2025;685,00
27/6/2025;677,00
30/6/2025;701,00
1/7/2025;699,00
2/7/2025;700,00
3/7/2025;679,00
7/7/2025;698,00
8/7/2025;704,00
9/7/2025;692,00
10/7/2025;700,00
11/7/2025;717,00
15/7/2025;736,00
16/7/2025;748,00
17/7/2025;770,00
18/7/2025;759,00
21/7/2025;763,00
22/7/2025;775,00
23/7/2025;773,00
24/7/2025;753,00
25/7/2025;734,00
28/7/2025;719,00
29/7/2025;727,00
30/7/2025;716,00
31/7/2025;730,00
1/8/2025;771,00
4/8/2025;761,00
5/8/2025;743,00
6/8/2025;735,00
7/8/2025;728,00
8/8/2025;733,00
11/8/2025;724,00
12/8/2025;722,00
13/8/2025;711,00
14/8/2025;712,00
15/8/2025;709,00
18/8/2025;706,00
19/8/2025;700,00
20/8/2025;747,00
21/8/2025;753,00
22/8/2025;767,00
25/8/2025;829,00
26/8/2025;850,00
27/8/2025;853,00
28/8/2025;837,00
29/8/2025;829,00
2/9/2025;898,00
3/9/2025;893,00
4/9/2025;901,00
5/9/2025;906,00
8/9/2025;1108,00
9/9/2025;1070,00
10/9/2025;1024,00
11/9/2025;1047,00
12/9/2025;1140,00
15/9/2025;1231,00
16/9/2025;1167,00
17/9/2025;1246,00
18/9/2025;1456,00
19/9/2025;1456,00
22/9/2025;1089,00
23/9/2025;1018,00
24/9/2025;898,00
25/9/2025;973,00
26/9/2025;1060,00
27/9/2025;1060,00
29/9/2025;1115,00
30/9/2025;1222,00
1/10/2025;1264,00
2/10/2025;1264,00
3/10/2025;1165,00
6/10/2025;1080,00
7/10/2025;1016,00
8/10/2025;1074,00
9/10/2025;1071,00
10/10/2025;932,00
13/10/2025;932,00
14/10/2025;1026,00
15/10/2025;1004,00
16/10/2025;1029,00
17/10/2025;1089,00
20/10/2025;1048,00
21/10/2025;1075,00
22/10/2025;1123,00
23/10/2025;1081,00
24/10/2025;1081,00
27/10/2025;708,00
28/10/2025;685,00
29/10/2025;666,00
30/10/2025;676,00
31/10/2025;657,00
3/11/2025;665,00
4/11/2025;660,00
5/11/2025;621,00
6/11/2025;638,00
7/11/2025;647,00
10/11/2025;599,00
11/11/2025;598,00
12/11/2025;605,00
13/11/2025;616,00
14/11/2025;612,00
17/11/2025;616,00
18/11/2025;614,00
19/11/2025;601,00
20/11/2025;620,00
21/11/2025;651,00
24/11/2025;635,00
25/11/2025;656,00
26/11/2025;652,00
27/11/2025;653,00
28/11/2025;648,00
1/12/2025;648,00
2/12/2025;647,00
3/12/2025;639,00
4/12/2025;634,00
5/12/2025;627,00
8/12/2025;633,00
9/12/2025;634,00
10/12/2025;628,00
11/12/2025;634,00
12/12/2025;624,00
15/12/2025;602,00
16/12/2025;573,00
17/12/2025;569,00
18/12/2025;568,00
19/12/2025;573,00
22/12/2025;570,00
23/12/2025;575,00
24/12/2025;575,00
25/12/2025;575,00
26/12/2025;580,00
29/12/2025;571,00
30/12/2025;569,00
31/12/2025;571,00
1/1/2026;571,00
2/1/2026;553,00
5/1/2026;566,00
6/1/2026;566,00
7/1/2026;575,00
8/1/2026;579,00
9/1/2026;566,00
12/1/2026;577,00
13/1/2026;581,00
14/1/2026;586,00
15/1/2026;571,00
16/1/2026;564,00
19/1/2026;566,00
20/1/2026;569,00
21/1/2026;562,00
22/1/2026;546,00
23/1/2026;526,00
26/1/2026;513,00
27/1/2026;494,00
28/1/2026;484,00
29/1/2026;492,00
30/1/2026;496,00
2/2/2026;495,00
3/2/2026;503,00
4/2/2026;502,00
5/2/2026;516,00
6/2/2026;512,00
9/2/2026;502,00
10/2/2026;507,00
11/2/2026;506,00
12/2/2026;514,00
13/2/2026;519,00
16/2/2026;519,00
17/2/2026;511,00
18/2/2026;515,00
19/2/2026;524,00
20/2/2026;519,00
23/2/2026;537,00
24/2/2026;545,00
25/2/2026;545,00
26/2/2026;554,00
27/2/2026;572,00
2/3/2026;567,00
3/3/2026;573,00
4/3/2026;534,00
5/3/2026;546,00
6/3/2026;575,00
9/3/2026;583,00
10/3/2026;555,00
11/3/2026;552,00
12/3/2026;568,00
13/3/2026;584,00
16/3/2026;601,00
17/3/2026;587,00
18/3/2026;610,00
19/3/2026;602,00
20/3/2026;633,00
23/3/2026;600,00
24/3/2026;603,00
25/3/2026;595,00
26/3/2026;583,00
27/3/2026;615,00
30/3/2026;637,00
31/3/2026;617,00
1/4/2026;612,00
2/4/2026;612,00
3/4/2026;609,00
6/4/2026;611,00
7/4/2026;610,00
8/4/2026;570,00
9/4/2026;557,00
10/4/2026;553,00
13/4/2026;528,00
14/4/2026;525,00
15/4/2026;527,00
16/4/2026;518,00
17/4/2026;519,00
20/4/2026;526,00
21/4/2026;533,00
22/4/2026;532,00
23/4/2026;549,00
24/4/2026;557,00
27/4/2026;582,00
28/4/2026;584,00
29/4/2026;573,00
30/4/2026;567,00
1/5/2026;539,00
4/5/2026;558,00
5/5/2026;554,00
6/5/2026;514,00
7/5/2026;522,00
8/5/2026;510,00
11/5/2026;496,00
12/5/2026;511,00
13/5/2026;523,00
14/5/2026;525,00
15/5/2026;538,00
18/5/2026;543,00
19/5/2026;547,00
20/5/2026;524,00
21/5/2026;516,00
22/5/2026;514,00
25/5/2026;514,00
26/5/2026;508,00
27/5/2026;500,00
28/5/2026;494,00
29/5/2026;493,00
1/6/2026;490,00
2/6/2026;488,00
3/6/2026;492,00
4/6/2026;486,00
5/6/2026;499,00
8/6/2026;494,00
9/6/2026;498,00
10/6/2026;503,00
11/6/2026;443,00
12/6/2026;437,00
15/6/2026;425,00
16/6/2026;430,00
17/6/2026;435,00
18/6/2026;429,00
19/6/2026;429,00
22/6/2026;421,00
23/6/2026;433,00
24/6/2026;437,00
25/6/2026;437,00
26/6/2026;437,00
29/6/2026;431,00
30/6/2026;426,00
1/7/2026;421,00
2/7/2026;415,00
3/7/2026;415,00
6/7/2026;408,00
7/7/2026;405,00
8/7/2026;408,00
9/7/2026;404,00
10/7/2026;402,00
13/7/2026;405,00
14/7/2026;410,00
15/7/2026;404,00
16/7/2026;410,00
17/7/2026;419,00
20/7/2026;416,00
21/7/2026;421,00
22/7/2026;410,00
23/7/2026;437,00
24/7/2026;437,00
27/7/2026;442,00
28/7/2026;441,00
29/7/2026;445,00
30/7/2026;441,00
31/7/2026;430,00
3/8/2026;411,00
4/8/2026;421,00
5/8/2026;428,00
6/8/2026;446,00
7/8/2026;451,00
